{"sections":{"main":{"type":"about-us","blocks":{"b92c5652-5cea-4a16-b76e-9725f9f1df77":{"type":"heading","settings":{"title":"ABOUT US","sub_title":"","sub_font":"2","style_title":"title_1","ic_tt":"gem","show_clpr":false}},"4dfb8837-1eb3-4275-a1fc-10e7e40290ff":{"type":"image","settings":{"image":"shopify:\/\/shop_images\/image-aboutus_1296x_1512x_150d502f-5d11-4089-821d-94d3033e17ba.jpg","use_border":false,"video_url":""}},"fb33ced2-f9e1-470e-aa9c-3687e0447c3c":{"type":"text","settings":{"text":"<div class=\"row\">\n<div class=\"offset-md-1 col-md-5 col-12\">\n<h4>our store<\/h4>\n<p> A great About Us page helps builds trust between you and your customers. The more content you provide about you and your business.<\/p>\n<p>The more confident people willz be when purchasing from our store.\nNice to meet you!\n<\/p>\n<\/div>\n<div class=\"offset-md-1  col-md-5 col-12\">\n<h4>contact us<\/h4>\n<p>169 Nguyen Ngoc Vu, Cau Giay, Ha Noi<\/p>\n<p>\n    Phone: 84 0933 123 686<br>\n    Email: hello@example.co<br><\/p>\n  <p>  Monday - Saturday: 8am - 9pm<br>\n    Sunday: 9am - 10pm\n<\/p>\n<\/div>\n<\/div>"}}},"block_order":["b92c5652-5cea-4a16-b76e-9725f9f1df77","4dfb8837-1eb3-4275-a1fc-10e7e40290ff","fb33ced2-f9e1-470e-aa9c-3687e0447c3c"],"settings":{"layout":"container","cl_bg":"#ffffff","mg":"50px,,20px,","pd":"","mg_mb":"","pd_mb":""}}},"order":["main"]}