[{"name":"theme_info","theme_name":"CleverComo","theme_author":"CleverSopify","theme_version":"1.0.0","theme_documentation_url":"https:\/\/doc.cleversopify.com\/como\/","theme_support_url":"https:\/\/support.cleversoft.co\/client\/view_knowledge\/28\/"},{"name":"Get Support","settings":[{"type":"paragraph","content":"Quick Links:"},{"type":"paragraph","content":"[Online Documentation](https:\/\/doc.cleversopify.com\/como\/)"},{"type":"paragraph","content":"[Get Support](https:\/\/support.cleversoft.co\/client\/view_knowledge\/28\/)"},{"type":"paragraph","content":"We create beautiful Shopify themes with amazing User Experience."},{"type":"paragraph","content":"The first requirement for an exemplary user experience is to meet the exact needs of the customer, without fuss or bother. Next comes simplicity and elegance that produce products that are a joy to own, a joy to use. True user experience goes far beyond giving customers what they say they want, or providing checklist features. In order to achieve high-quality user experience in a company’s offerings there must be a seamless merging of the services of multiple disciplines, including engineering, marketing, graphical and industrial design, and interface design."},{"type":"paragraph","content":"That’s our philosophy with [CleverSopify](https:\/\/cleversopify.com) – to provide you and your customers with the best User Experience possible by using one of our themes."}]},{"name":"Layout","settings":[{"type":"header","content":"Site Width"},{"type":"select","id":"general_layout","options":[{"value":"full_width","label":"Full width"},{"value":"boxed","label":"Boxed"},{"value":"content_full","label":"Content Full Width"},{"value":"wide","label":"Wide (1600 px)"},{"value":"cus","label":"Custom Width"}],"label":"Site Width: ","default":"full_width","info":"You can make your content wrapper boxed or full width"},{"type":"range","id":"cus_w_bd","min":1100,"max":1600,"step":5,"unit":"px","label":"Custom Width:","info":"Ony active when enable Boxed or Custom Width","default":1420},{"type":"header","content":"Site Background"},{"type":"paragraph","content":"Set background image or color for body. Only for boxed layout"},{"type":"color","id":"body_bg","label":"Select Color","default":"#fff"},{"type":"image_picker","id":"body_bg_image","label":"Background Image"},{"type":"select","id":"body_bg_repeat","options":[{"value":"default","label":"Default"},{"value":"no-repeat","label":"No Repeat"},{"value":"repeat","label":"Repeat All"},{"value":"repeat-x","label":"Repeat Horizontally"},{"value":"repeat-y","label":"Repeat Vertically"},{"value":"inherit","label":"Inherit"}],"label":"Background Repeat","default":"default","info":"[Specifies how to repeat the background images](https:\/\/w3schools.com\/cssref\/pr_background-repeat.asp)"},{"type":"select","id":"body_bg_size","options":[{"value":"default","label":"Default"},{"value":"inherit","label":"Inherit"},{"value":"cover","label":"Cover"},{"value":"contain","label":"Contain"}],"label":"Background Size","default":"default","info":"[Specifies the size of the background images](https:\/\/w3schools.com\/cssref\/css3_pr_background-size.asp)"},{"type":"select","id":"body_bg_attachment","options":[{"value":"default","label":"Default"},{"value":"fixed","label":"Fixed"},{"value":"scroll","label":"Scroll"},{"value":"inherit","label":"Inherit"}],"label":"Background Attachment","default":"default","info":"[Specifies whether the background images are fixed or scrolls with the rest of the page](https:\/\/w3schools.com\/cssref\/pr_background-attachment.asp)"},{"type":"select","id":"body_bg_position","options":[{"value":"default","label":"Default"},{"value":"left_top","label":"Left Top"},{"value":"left_center","label":"Left Center"},{"value":"left_bottom","label":"Left Bottom"},{"value":"center_top","label":"Center Top"},{"value":"center_center","label":"Center Center"},{"value":"center_bottom","label":"Center Bottom"}],"label":"Background Position","default":"default","info":"[Specifies the position of the background images](https:\/\/w3schools.com\/cssref\/pr_background-position.asp)"}]},{"name":"General Settings","settings":[{"type":"header","content":"Meta keywords for Homepage(SEO)"},{"type":"textarea","id":"home_keywords","label":"Keywords for Homepage","default":"Clever shopify, Fastest, Ajax Shop, Minimal, Lazyload","info":"Define keywords for search engines."},{"type":"text","id":"shop_author","label":"Author for Shop","default":"Clever","info":"Define the author of a Shop."},{"type":"header","content":"Shop Settings"},{"type":"text","id":"global_acc","label":"General Instagram Access Token:","info":"[How to get your Instagram Access Token via GraphQL API.](https:\/\/docs.clever.co\/installation\/how-to-get-instagram-access-token)"},{"type":"paragraph","content":"NOTE: Via GraphQL API (General Instagram Access Token) Long-lived tokens are valid for 60 days. You will have to manually regenerate your access token."},{"type":"checkbox","id":"use_rtl","label":"Enable RTL","default":false},{"type":"select","id":"backtop","label":"Show Back To Top:","default":"3","options":[{"value":"1","label":"Disable"},{"value":"2","label":"Desktop"},{"value":"3","label":"Desktop + Mobile"}]},{"type":"select","id":"backtop_des","label":"Back To Top Style:","options":[{"value":"1","label":"Style 1"},{"value":"2","label":"Style 2"}]},{"type":"checkbox","id":"prevent_copying","label":"Enable Prevent Copying","info":"Prevent Image and Content Theft from Your Website","default":false},{"type":"checkbox","id":"falling_snow","label":"Enable Falling Snow Effect","default":false},{"type":"checkbox","id":"catalog_mode","label":"Enable Catalog Mode","info":"You can hide all 'Add to cart' buttons. This will allow you to showcase your products as an online catalog without ability to make a purchase.","default":false},{"type":"header","content":"Shop Section Settings"},{"type":"paragraph","content":"Change settings content to this section using the sidebar."},{"type":"checkbox","id":"enable_toolbar","label":"Enable Sticky Toolbar Mobile","default":true},{"type":"checkbox","id":"enable_new_pp","label":"Enable Newsletter Popup","default":false},{"type":"checkbox","id":"enable_pro_pr_pp","label":"Enable Exit Product popup","default":false},{"type":"checkbox","id":"enable_ck_pp","label":"Enable Cookie Law Info","default":false},{"type":"checkbox","id":"enable_age_pp","label":"Enable Age Verification Popup","default":false},{"type":"checkbox","id":"enable_salse_pp","label":"Enable Sales Popup","default":false},{"type":"checkbox","id":"enable_salse_pp_mb","label":"Enable Sales Popup on Mobile","default":false},{"type":"header","content":"Email Marketing Settings"},{"type":"select","id":"platform_email","label":"Platform Email Marketing:","default":"1","options":[{"value":"1","label":"Default"},{"value":"2","label":"Omisend"},{"value":"3","label":"Klaviyo"},{"value":"4","label":"Mailchimp"}]},{"type":"paragraph","content":"1. Default, Any customers who sign up will have an account created for them in Shopify. [View customers](\/admin\/customers?query=&accepts_marketing=1)"},{"type":"paragraph","content":"2. [Omisend app](https:\/\/apps.shopify.com\/omnisend\/?ref=clever)"},{"type":"paragraph","content":"3. [Klaviyo app](https:\/\/apps.shopify.com\/klaviyo-email-marketing\/?ref=cleversopify)"},{"type":"text","id":"klaviyo_list_id","label":"Klaviyo list ID","info":"[Find a List ID](https:\/\/help.klaviyo.com\/hc\/en-us\/articles\/115005078647-Find-a-List-ID)."},{"type":"paragraph","content":"[Why are my newsletter subscribers not being added to my list?](https:\/\/help.klaviyo.com\/hc\/en-us\/articles\/360028366831-FAQ-Why-are-my-newsletter-subscribers-not-being-added-to-my-list)"},{"type":"checkbox","id":"ajax_klaviyo","label":"Enable ajax Klaviyo subscribe form","default":true},{"type":"paragraph","content":"4. MailChimp"},{"type":"text","id":"action_mailchimp","label":"MailChimp form action URL","info":"[Find your MailChimp form action URL](https:\/\/doc.cleversopify.com\/como\/#\/general\/email-marketing)."},{"type":"checkbox","id":"ajax_mailChimp","label":"Enable ajax MailChimp subscribe form","default":true},{"type":"paragraph","content":"Agree checkbox"},{"type":"checkbox","id":"checkbox_mail","label":"Enable 'Agree to terms and conditions' checkbox","info":"Agree to terms and conditions newsletter (GDPR compliant)","default":false},{"type":"page","id":"link_mail","label":"Terms and conditions page:"},{"type":"header","content":"Integration App settings"},{"type":"checkbox","id":"enable_growave","label":"Enable Growave App","default":false},{"type":"paragraph","content":"[Growave ‑ Reviews, Loyalty ++by Growave](https:\/\/growave.io\/?ref=cleversopify)"},{"type":"checkbox","id":"enable_infiniteoptions","label":"Enable Infinite Options","default":true},{"type":"paragraph","content":"[Infinite Optionsby ShopPad Inc](https:\/\/apps.shopify.com\/custom-options)"},{"type":"header","content":"Reviews settings"},{"type":"select","id":"app_review","options":[{"value":"1","label":"Shopify Reviews"},{"value":"2","label":"Ryviu app"},{"value":"3","label":"Alireviews app"},{"value":"4","label":"Loox - Photo Reviews"},{"value":"5","label":"Growave Reviews"},{"value":"6","label":"Other app"}],"label":"Reviews app","default":"1"},{"type":"paragraph","content":"[Shopify Reviews app](https:\/\/apps.shopify.com\/product-reviews)"},{"type":"paragraph","content":"[Ryviu app](https:\/\/www.ryviu.com\/?rel=cleversopify)"},{"type":"paragraph","content":"[Alireviews app](https:\/\/fireapps.io\/shopify-apps\/ali-reviews?utm_campaign=Clever&utm_source=theme_editor)"},{"type":"paragraph","content":"[Growave app](https:\/\/growave.io\/?ref=cleversopify)"},{"type":"paragraph","content":"[Instructions to add other app](https:\/\/cleversopify.com\/como\/features\/custom-review-app)"},{"type":"header","content":"Label settings"},{"type":"select","id":"label_settings","options":[{"value":"rounded","label":"Rounded"},{"value":"rectangular","label":"Rectangular"}],"label":"Label shape","default":"rectangular"},{"type":"checkbox","id":"use_sale_label","label":"Enable Sale Label","default":true},{"type":"select","id":"label_sale_style","options":[{"value":"1","label":"Text label"},{"value":"2","label":"Percentage label"}],"label":"Sale Label Style","default":"1"},{"type":"checkbox","id":"use_sold_out_label","label":"Enable Sold Out Label","default":true},{"type":"checkbox","id":"use_new_label","label":"Enable New Label","default":true},{"type":"range","id":"new_day_added","min":1,"max":60,"step":1,"unit":"day","label":"Show products added in the past x days:","default":10},{"type":"header","content":"Aspect Ratio Custom settings"},{"type":"image_picker","id":"c_1","label":"Ratio Custom 1:"},{"type":"image_picker","id":"c_2","label":"Ratio Custom 2:"},{"type":"image_picker","id":"c_3","label":"Ratio Custom 3:"},{"type":"image_picker","id":"c_4","label":"Ratio Custom 4:"},{"type":"header","content":"Placeholder settings"},{"type":"image_picker","id":"placeholder_img","label":"Placeholder for product no image"}]},{"name":"Logo Header","settings":[{"type":"header","content":"Logo"},{"type":"text","id":"logo_svg","label":"Logo SVG","info":"Use name svg upload files. Ex:logo-clever.svg [Get name svg](https:\/\/cdn.shopify.com\/s\/files\/1\/0520\/1343\/3004\/files\/upload-logo.png)"},{"type":"image_picker","id":"logo","label":"Logo (required)","info":"Upload image: png, jpg or gif file"},{"type":"image_picker","id":"logo_retina","label":" Logo retina (option)","info":"Upload image: png, jpg or gif file"},{"type":"range","id":"logo_width","label":"Custom logo width","min":20,"max":350,"step":5,"unit":"px","default":100},{"type":"header","content":"Logo sticky"},{"type":"text","id":"logo_svg2","label":"Logo SVG","info":"Use name svg upload files. Ex:logo-clever.svg [Get name svg](https:\/\/cdn.shopify.com\/s\/files\/1\/0520\/1343\/3004\/files\/upload-logo.png)"},{"type":"image_picker","id":"logos","label":"Logo sticky (option)","info":"Upload image: png, jpg or gif file"},{"type":"image_picker","id":"logos_retina","label":" Logo sticky retina (option)","info":"Upload image: png, jpg or gif file"},{"type":"range","id":"logos_width","label":"Custom logo sticky width","min":10,"max":350,"step":5,"unit":"px","default":100},{"type":"header","content":"Logo Mobile"},{"type":"text","id":"logo_svg3","label":"Logo SVG","info":"Use name svg upload files. Ex:logo-clever.svg [Get name svg](https:\/\/cdn.shopify.com\/s\/files\/1\/0520\/1343\/3004\/files\/upload-logo.png)"},{"type":"image_picker","id":"logo_mb","label":"Logo Mobile (option)","info":"Upload image: png, jpg or gif file"},{"type":"image_picker","id":"logo_mb_retina","label":" Logo Mobile retina (option)","info":"Upload image: png, jpg or gif file"},{"type":"range","id":"logo_mb_width","label":"Custom logo mobile width","min":10,"max":350,"step":5,"unit":"px","default":100},{"type":"header","content":"Logo Transparent"},{"type":"paragraph","content":"Tip: Logo Transparent only active when you enable header transparent, only show on homepage"},{"type":"text","id":"logo_tr_svg","label":"Logo SVG Transparent","info":"Use name svg upload files. Ex:logo-clever.svg [Get name svg](https:\/\/cdn.shopify.com\/s\/files\/1\/0520\/1343\/3004\/files\/upload-logo.png)"},{"type":"image_picker","id":"logo_tr","label":"Logo Transparent","info":"Upload image: png, jpg or gif file"},{"type":"image_picker","id":"logo_tr_retina","label":" Logo Transparent retina (option)","info":"Upload image: png, jpg or gif file"},{"type":"range","id":"logo_tr_width","label":"Custom logo transparent width","min":10,"max":350,"step":5,"unit":"px","default":100}]},{"name":"Header","settings":[{"type":"header","content":"Tape"},{"type":"checkbox","id":"h_banner","label":"Tape","info":"Enable\/disable Tape","default":false},{"type":"header","content":"Top Bar"},{"type":"checkbox","id":"h_topbar","label":"Top Bar","info":"Enable\/disable Top Bar","default":true},{"type":"header","content":"Header Layout"},{"type":"checkbox","id":"full_header","info":"Make header full width","label":"Full Width","default":true},{"type":"checkbox","id":"sticky_header","info":"Enable\/disable sticky header option, not working with header design 7","label":"Sticky Header","default":true},{"type":"checkbox","id":"scroll_header","info":"Enable\/disable hide sticky header on Scroll Down","label":"Hide Sticky Header on Scroll","default":true},{"type":"select","id":"header_design","options":[{"value":"1","label":"Header Type 1"},{"value":"2","label":"Header Type 2"},{"value":"3","label":"Header Type 3"},{"value":"4","label":"Header Type 4"}],"label":"Header Type","default":"1"},{"type":"checkbox","id":"h_transparent","info":"Header transparent only active on homepage, not working with header design 7","label":"Header Transparent","default":false},{"type":"checkbox","id":"h_tr_top","info":"Header top transparent only active when header transparent active","label":"Header Top Transparent","default":false},{"type":"paragraph","content":"Add, Edit content to this section using the Sections sidebar."},{"type":"header","content":"Header Mobile"},{"type":"range","id":"h_navmb","label":"Custom Header Mobile Height","min":60,"max":160,"step":1,"unit":"px","default":62},{"type":"checkbox","id":"mb_cat","label":"Show Categories","info":"Add, Edit content to this section using the Sections sidebar.","default":true},{"type":"checkbox","id":"only_icon","label":"Only Click Icon","info":"Only click icon to show submenu.","default":false},{"type":"checkbox","id":"first_cat","label":"Categories position the first","default":false},{"type":"header","content":"Header Colors"},{"type":"image_picker","id":"h__bgimg","label":"Header Background Image"},{"type":"paragraph","content":"1. Header Color"},{"type":"color","id":"bgnav","label":"Header Background Color","default":"#FFFFFF"},{"type":"range","id":"opnav","label":"Background Opacity","default":100,"min":0,"max":100,"step":1,"unit":"%"},{"type":"color","id":"clnav","label":"Header \/ Icon color","default":"#222222"},{"type":"paragraph","content":"—————————————————"},{"type":"paragraph","content":"2. Header Sticky Color"},{"type":"color","id":"bgnavst","label":"Header Background Color","default":"#ffffff"},{"type":"range","id":"opnavst","label":"Background Opacity","default":100,"min":0,"max":100,"step":1,"unit":"%"},{"type":"color","id":"clnavst","label":"Header \/ Icon Sticky Color","default":"#222222"},{"type":"paragraph","content":"—————————————————"},{"type":"paragraph","content":"3. Header Transparent Color"},{"type":"color","id":"bgnavtr","label":"Header Background Color","default":"#000000"},{"type":"range","id":"opnavtr","label":"Background Opacity","default":40,"min":0,"max":100,"step":1,"unit":"%"},{"type":"color","id":"clnavtr","label":"Header \/ Icon Transparent Color","default":"#ffffff"},{"type":"header","content":"Header Group Buttons"},{"type":"select","id":"h_icon","options":[{"value":"icclv","label":"CleverFont Icon"},{"value":"pegk","label":"Pe Icon"}],"label":"Design Font Icon","default":"icclv"},{"type":"checkbox","id":"show_search","label":"Show Search Icon","default":true},{"type":"checkbox","id":"show_acc","label":"Show Account Icon","default":true},{"type":"select","id":"cart_des","options":[{"value":"0","label":"Disable"},{"value":"1","label":"Design 1"},{"value":"2","label":"Design 2"},{"value":"3","label":"Design 3"},{"value":"4","label":"Design 4"}],"label":"Canvas Cart","default":"1","info":"Set your shopping cart widget design in the header."},{"type":"color","id":"bg_hc","label":"Count Background Color","default":"#000000"},{"type":"color","id":"cl_hc","label":"Count Text Color","default":"#ffffff"}]},{"name":"Styles & Colors","settings":[{"type":"header","content":"Buttons"},{"type":"select","id":"btncs_style","options":[{"value":"1","label":"Default"},{"value":"2","label":"Round"}],"label":"Button Style","default":"2"},{"type":"header","content":"General Color"},{"type":"color","id":"cl_bd_text","label":"Color Text Font","info":"Pick a text color for body, paragraphs.","default":"#878787"},{"type":"color","id":"color_primary","label":"Primary Color","info":"Main Color Scheme","default":"#56cfe1"},{"type":"color","id":"cl_hd","label":"Heading","default":"#222"},{"type":"color","id":"cl_se_tt","label":"Section Title","default":"#222"},{"type":"color","id":"cl_se_subtt","label":"Section Sub Text","default":"#878787"},{"type":"color","id":"ld_bar","label":"Loading Bar","default":"#00badb"},{"type":"header","content":"Label Products"},{"type":"color","id":"cl_sale","label":"Sale Label","default":"#ff4e00"},{"type":"color","id":"cl_new","label":"New Label","default":"#109533"},{"type":"color","id":"cl_sold_out","label":"Sold Out Label","default":"#999"},{"type":"header","content":"Product"},{"type":"color","id":"clpr_tt","label":"Color","info":"Product Title","default":"#222"},{"type":"color","id":"clpr_price","label":"Color","info":"Product Price","default":"#696969"},{"type":"color","id":"clpr_price_sale","label":"Color","info":"Product Price Sale","default":"#ec0101"},{"type":"color","id":"clpr_price_goc","label":"Color","info":"Product Compare at Price","default":"#878787"},{"type":"header","content":"Product Item"},{"type":"color","id":"bgqv_btn","label":"Background Color","info":"Quick view","default":"#fff"},{"type":"color","id":"qv_btn","label":"Color Text","info":"Quick View","default":"#282828"},{"type":"color","id":"bgqv_btn_hover","label":"Background Color Hover","info":"Quick View","default":"#282828"},{"type":"color","id":"qv_btn_hover","label":"Color Text Hover","info":"Quick view","default":"#fff"},{"type":"color","id":"bgatc_btn","label":"Background Color","info":"Add to cart","default":"#fff"},{"type":"color","id":"atc_btn","label":"Color Text","info":"Add to Cart","default":"#282828"},{"type":"color","id":"bgatc_btn_hover","label":"Background Color Hover","info":"Add to Cart","default":"#282828"},{"type":"color","id":"atc_btn_hover","label":"Color Text Hover","info":"Add to Cart","default":"#fff"},{"type":"header","content":"Product Page"},{"type":"color","id":"bgatc_pg","label":"Background Color","info":"Add to Cart","default":"#282828"},{"type":"color","id":"atc_pg","label":"Color Text","info":"Add to Cart","default":"#fff"},{"type":"color","id":"bgatc_pg_hover","label":"Background Color Hover","info":"Add to cart","default":"#282828"},{"type":"color","id":"atc_pg_hover","label":"Color Text Hover","info":"Add to Cart","default":"#FFFFFF"},{"type":"color","id":"bgck_btn","label":"Background Color","info":"Dynamic Checkout Button","default":"#282828"},{"type":"color","id":"ck_btn","label":"Color text","info":"Dynamic Checkout Button","default":"#FFFFFF"},{"type":"color","id":"bgck_btn_hover","label":"Background Color Hover","info":"Dynamic Checkout Button","default":"#282828"},{"type":"color","id":"ck_btn_hover","label":"Color Text Hover","info":"Dynamic Checkout Button","default":"#FFFFFF"},{"type":"header","content":"Tooltip"},{"type":"color","id":"cl_tooltip","label":"Background Color","default":"#282828"},{"type":"color","id":"cl_tooltip_txt","label":"Color","default":"#FFF"},{"type":"header","content":"Lazyload Icon"},{"type":"color","id":"cl_lazyload","label":"Color Icon Lazyload","default":"#282828"},{"type":"color","id":"bg_lazyload","label":"Background Color Lazyload","default":"#F8F8F8"},{"type":"paragraph","content":"—————————————————"},{"type":"checkbox","id":"use_cus_lz","label":"Enable Cusom Icon Lazyload","default":false},{"type":"image_picker","id":"cus_lz","label":"Icon Lazyload","info":"Upload image: png, jpg or gif file"},{"type":"range","id":"size_cus_lz","min":30,"max":300,"step":10,"unit":"px","label":"Size Icon Lazyload","default":60}]},{"name":"Typography","settings":[{"type":"select","id":"font_source","options":[{"value":"1","label":"Shopify"},{"value":"2","label":"Google"}],"label":"Font Source"},{"type":"header","content":"Shopify Font Settings"},{"type":"font_picker","id":"fnt_bd","label":"Body Font Family","default":"poppins_n4"},{"type":"font_picker","id":"fnt_heading","label":"Heading Font Family","default":"poppins_n4"},{"type":"font_picker","id":"fnt_sub_tt","label":"Sub Title Font Family","default":"poppins_n4"},{"type":"header","content":"Google Font Settings"},{"type":"paragraph","content":"[Get name your google](https:\/\/fonts.google.com\/)"},{"type":"text","id":"fnt_bd2","label":"Body Font Family","default":"Jost"},{"type":"text","id":"fnt_heading2","label":"Heading Font Family","default":"Jost"},{"type":"text","id":"fnt_sub_tt2","label":"Sub Title Font Family","default":"Jost"},{"type":"header","content":"Body Font Settings"},{"type":"range","id":"fw_bd","min":300,"max":800,"step":100,"label":"Font weight","default":400},{"type":"range","id":"size_bd_text","min":10,"max":20,"step":0.5,"label":"Font size","unit":"px","default":14},{"type":"range","id":"bd_line_height","label":"Line height","default":1.7,"min":1,"max":2,"step":0.1},{"type":"range","id":"hd_letter_spacing","label":"Letter spacing","default":0,"min":0,"max":4,"step":0.1},{"type":"header","content":"Heading Font Settings"},{"type":"range","id":"fw_hd","min":300,"max":800,"step":100,"label":"Font weight","default":600},{"type":"range","id":"hd_line_height","label":"Line height","default":1.4,"min":1,"max":2,"step":0.1},{"type":"range","id":"ls_hd","min":0,"max":10,"step":0.1,"label":"Letter spacing","info":"set is '0' use to default","unit":"px","default":0},{"type":"header","content":"Navigation Font Settings"},{"type":"range","id":"fw_nav","min":300,"max":800,"step":100,"label":"Font Weight","default":400},{"type":"range","id":"fs_nav","min":10,"max":20,"step":0.5,"label":"Font Size","unit":"px","default":14},{"type":"range","id":"ls_nav","min":0,"max":10,"step":0.1,"label":"Letter Spacing","info":"set is '0' use to default","unit":"px","default":0},{"type":"header","content":"Section Title Settings"},{"type":"range","id":"size_se_tt","min":10,"max":40,"step":0.5,"label":"Font Size","unit":"px","default":24},{"type":"range","id":"fw_se_tt","min":300,"max":800,"step":100,"label":"Font Weight","default":600},{"type":"range","id":"lh_se_tt","min":0,"max":100,"step":1,"label":"Line Height","info":"set is '0' use to default","unit":"px","default":0},{"type":"range","id":"ls_se_tt","min":0,"max":10,"step":0.1,"label":"Letter Spacing","info":"set is '0' use to default","unit":"px","default":0},{"type":"paragraph","content":"—————————————————"},{"type":"paragraph","content":"Mobile Settings"},{"type":"range","id":"size_se_tt_mb","min":10,"max":40,"step":0.5,"label":"Font Size (mobile)","unit":"px","default":24},{"type":"range","id":"fw_se_tt_mb","min":300,"max":800,"step":100,"label":"Font Weight (mobile)","default":600},{"type":"range","id":"lh_se_tt_mb","min":0,"max":100,"step":1,"label":"Line Height (mobile)","info":"set is '0' use to default","unit":"px","default":0},{"type":"range","id":"ls_se_tt_mb","min":0,"max":10,"step":0.1,"label":"Letter Spacing (mobile)","info":"set is '0' use to default","unit":"px","default":0},{"type":"header","content":"Section Sub Title Settings"},{"type":"range","id":"size_se_stt","min":10,"max":30,"step":0.5,"label":"Font Size","unit":"px","default":14},{"type":"range","id":"fw_se_stt","min":300,"max":800,"step":100,"label":"Font Weight","default":400},{"type":"range","id":"lh_se_stt","min":0,"max":100,"step":1,"label":"Line Height","info":"set is '0' use to default","unit":"px","default":0},{"type":"range","id":"ls_se_stt","min":0,"max":10,"step":0.1,"label":"Letter Spacing","info":"set is '0' use to default","unit":"px","default":0},{"type":"paragraph","content":"—————————————————"},{"type":"paragraph","content":"Mobile Settings"},{"type":"range","id":"size_se_stt_mb","min":10,"max":30,"step":0.5,"label":"Font size (mobile)","unit":"px","default":14},{"type":"range","id":"fw_se_stt_mb","min":300,"max":800,"step":100,"label":"Font Weight (mobile)","default":400},{"type":"range","id":"lh_se_stt_mb","min":0,"max":100,"step":1,"label":"Line Height (mobile)","info":"set is '0' use to default","unit":"px","default":0},{"type":"range","id":"ls_se_stt_mb","min":0,"max":10,"step":0.1,"label":"Letter Spacing (mobile)","info":"set is '0' use to default","unit":"px","default":0},{"type":"header","content":"Product Item"},{"type":"select","id":"txt_tr_pr","info":"Product Item Title","default":"capitalize","options":[{"value":"none","label":"None"},{"value":"lowercase","label":"Lowercase"},{"value":"capitalize","label":"Capitalize"},{"value":"uppercase","label":"Uppercase"}],"label":"Transform Text"},{"type":"range","id":"size_pr","min":10,"max":30,"step":0.5,"label":"Font Size","info":"Product Item Title","unit":"px","default":14},{"type":"range","id":"size_price_pr","min":10,"max":30,"step":0.5,"label":"Font Size","info":"Product Item Price","unit":"px","default":14},{"type":"range","id":"fw_pr","min":300,"max":800,"step":100,"label":"Font Weight","default":500},{"type":"range","id":"ls_pr","min":0,"max":10,"step":0.1,"label":"Letter Spacing","info":"set is '0' use to default","unit":"px","default":0},{"type":"range","id":"space_pr","min":10,"max":80,"step":1,"label":"Space","info":"Space image with info in product item","unit":"px","default":15}]},{"name":"Collection Page","settings":[{"type":"header","content":"Shop page layout"},{"type":"select","id":"shop_layout","default":"default","options":[{"value":"default","label":"Default"},{"value":"wide","label":"Wide (1600px)"},{"value":"full","label":"full Width"}],"label":"Shop Layout"},{"type":"select","id":"shop_des","default":"default","options":[{"value":"default","label":"Default"},{"value":"minimasonry","label":"Masonry"},{"value":"packery","label":"Packery"}],"label":"Shop Design","info":"Packery only active when disable sidebar or enable hidden sidebar"},{"type":"select","id":"cat_des","default":"1","options":[{"value":"1","label":"Page Heading"},{"value":"2","label":"Top"},{"value":"3","label":"Bottom"}],"label":"Description Position On"},{"type":"header","content":"Shop Sidebar"},{"type":"select","id":"shop_sidebar","default":"none","options":[{"value":"none","label":"None"},{"value":"left","label":"Sidebar Left"},{"value":"right","label":"Sidebar Right"}],"label":"Shop Sidebar","info":"Select main content and sidebar alignment for shop pages."},{"type":"select","id":"shop_size_sidebar","default":"2","options":[{"value":"1","label":"Small"},{"value":"2","label":"Medium"},{"value":"3","label":"Large"}],"label":"Sidebar Size","info":"You can set different sizes for your shop pages sidebar"},{"type":"checkbox","id":"use_hidden_cat","label":"Enable Canvas Sidebar","default":false},{"type":"range","id":"space_sidebar","min":20,"max":50,"step":10,"unit":"px","label":"Space top sidebar","info":"Only active when disable hidden sidebar","default":30},{"type":"header","content":"Shop Settings"},{"type":"checkbox","id":"ajax_shop","label":"AJAX shop","info":"Enable AJAX functionality for filters widgets on shop.","default":true},{"type":"checkbox","id":"ajax_scroll_top","label":"Disable scroll to top","info":"Disable scroll to top after AJAX.","default":false},{"type":"checkbox","id":"show_column_switch","label":"Enable Column Switch","info":"Only active when you use 'Shop Design Default'","default":true},{"type":"checkbox","id":"sort_enable","label":"Enable Sorting","default":true},{"type":"checkbox","id":"cat_sticky","label":"Enable Toolbar Sticky on Mobile","default":false},{"type":"header","content":"Filters Settings"},{"type":"checkbox","id":"shop_filters","label":"Shop Filters","info":"Enable shop filters widget's area above the products.","default":true},{"type":"select","id":"pop_style","label":"Popup Filters Style","default":"pop_default","options":[{"value":"pop_default","label":"Default"},{"value":"cs_pop_sidebar","label":"Popup Sidebar"}]},{"type":"paragraph","content":"Filter by product options only working well when collection <= 1000 products. Collection filter by products variants (title, vendor, type, only available, colors, sizes, price...)"},{"type":"select","id":"type_filters","label":"Filters Type","default":"1","options":[{"value":"1","label":"Original Filter"},{"value":"2","label":"Advanced Filter"}]},{"type":"select","id":"logic_filter","label":"Logic Filter Options","info":"Only working when enable filter by product options","options":[{"value":"1","label":"AND"},{"value":"2","label":"OR"}]},{"type":"checkbox","id":"auto_hide_ofsock","label":"Auto hide product out of stock","info":"Only working when enable filter by product options, active in 1000 products on collection.","default":false},{"type":"checkbox","id":"show_hide_ofsock","label":"Show hide out of stock","info":"Show hide out of stock on current filter. Only working when enable filter by product options, active in 1000 products on collection.","default":false}]},{"name":"Product Page","settings":[{"type":"select","id":"pr_layout","default":"default","options":[{"value":"default","label":"Default"},{"value":"wide","label":"Wide (1600px)"},{"value":"full","label":"Full width"}],"label":"Product Layout"},{"type":"select","id":"design_products","label":"Product page design","info":"Choose between different predefined designs","default":"4","options":[{"value":"1","label":"Product design 1"},{"value":"2","label":"Product design 2"},{"value":"3","label":"Product design 3"},{"value":"4","label":"Product with thumb at bottom"},{"value":"5","label":"Product with thumb on right"},{"value":"6","label":"Product Layout without thumbnail"}]},{"type":"select","id":"size_img_pr","label":"Product image size","info":"You can choose different page layout depending on the product image size you need","default":"2","options":[{"value":"1","label":"Small"},{"value":"2","label":"Medium"},{"value":"3","label":"Large"}]},{"type":"select","id":"nav_img_pr","label":"Product thumb size","default":"medium","options":[{"value":"small","label":"Small"},{"value":"medium","label":"Medium"},{"value":"large","label":"Large"}]},{"type":"checkbox","id":"use_sticky_des","label":"Enable Sticky Product","default":false},{"type":"radio","id":"main_click","options":[{"value":"zoom","label":"Zoom"},{"value":"popup","label":"PhotoSwipe Popup"},{"value":"none","label":"None"}],"label":"Main image click action"},{"type":"select","id":"zoom_tp","label":"Zoom type","default":"2","options":[{"value":"1","label":"#1 (inner zoom)"},{"value":"2","label":"#2 (external zoom)"},{"value":"3","label":"#3 (inner zoom 2)"}]},{"type":"select","id":"pswp_tp","label":"PhotoSwipe Popup Theme","default":"light","options":[{"value":"dark","label":"Dark"},{"value":"light","label":"Light"}]},{"type":"checkbox","id":"show_zoom_img","label":"Show 'Zoom Image' Icon","info":"Click to open image in popup and swipe to zoom","default":true},{"type":"header","content":"Product Description"},{"type":"select","id":"des_pr_design","label":"Product Description Design","info":"Choose between different predefined designs","default":"1","options":[{"value":"1","label":"Product Tab Description"},{"value":"2","label":"Product Tab Accordion"}]},{"type":"select","id":"des_pr_layout","label":"Product Description Layout","default":"1","options":[{"value":"1","label":"Full Width"},{"value":"2","label":"Sidebar"}]},{"type":"header","content":"Product Sidebar"},{"type":"select","id":"pr_sidebar","default":"none","options":[{"value":"none","label":"None"},{"value":"left","label":"Sidebar Left"},{"value":"right","label":"Sidebar Right"}],"label":"Product Sidebar","info":"Select main content and sidebar alignment for shop pages."},{"type":"checkbox","id":"pr_sidebar_full","label":"Enable Sidebar Full Height","default":false},{"type":"select","id":"pr_size_sidebar","default":"2","options":[{"value":"1","label":"Small"},{"value":"2","label":"Medium"},{"value":"3","label":"Large"}],"label":"Sidebar Size","info":"You can set different sizes for your shop pages sidebar"},{"type":"header","content":"Product Features"},{"type":"select","id":"pr_curent","label":"Product variant","default":"3","options":[{"value":"1","label":"No Pick"},{"value":"2","label":"Pick first variant"},{"value":"3","label":"Pick first available variant"}]},{"type":"select","id":"fbt_pos","label":"Position Frequently Bought Together","default":"1","options":[{"value":"1","label":"Outside Description"},{"value":"2","label":"Inside Description"}]},{"type":"checkbox","id":"show_first_img","label":"Enable First Image","info":"Show first image until customers hand-pick a variant","default":false},{"type":"checkbox","id":"use_vimg","label":"Enable Variation Wise Gallery","info":"Using this, admin can enable\/disable the variation wise gallery feature shows on variable detail page when select an variation combination.","default":false},{"type":"checkbox","id":"sticky_atc","label":"Show Sticky Add to Cart","default":false},{"type":"checkbox","id":"social_pr","label":"Show Social Share","default":true},{"type":"checkbox","id":"enable_vlooping","label":"Enable Video Looping","default":true},{"type":"checkbox","id":"use_fimg","label":"Enable adapt to first swatch image variant","default":false},{"type":"textarea","id":"color_ck","label":"Enter variant name you want has style color","info":"Eg: Color, Colors, Couleur, Colour"},{"type":"paragraph","content":"Select product variants by clicking their images"},{"type":"checkbox","id":"use_clicking_vimg","label":"Enable Select variants by change image on slide","info":"Normally, variants are selected from a swatch. You might want your customers to be able to select a product variant by change a variant image. *Only active on layout has slider in product page.","default":false},{"type":"checkbox","id":"enable_his","label":"Enable History State","info":"Update history state for product deeplinking shopify. It’s possible to create a deep-link directly to a specific variant by adding a query string to a product page URL. You can achieve this by appending the ?variant= query parameter to the URL of the product, along with the ID of the variant.","default":false},{"type":"checkbox","id":"pr_incoming_mess","label":"Show incoming message","info":"Show incoming stock transfer message when sold out.","default":false},{"type":"select","id":"date_in","label":"Date Incoming Format","default":"3","options":[{"value":"1","label":"April 09, 1994 - MMM dd, yyyy"},{"value":"2","label":"09\/04\/94 - dd\/MM\/yy"},{"value":"3","label":"09\/04\/1994 - dd\/MM\/yyyy"},{"value":"4","label":"9\/04\/1994 - d\/MM\/yyyy"},{"value":"5","label":"Apr 94 - MMM yy"},{"value":"6","label":"04\/09\/1994 - MM\/dd\/yyyy"},{"value":"7","label":"Tuesday 09\/04\/1994 - aa dd\/MM\/yyyy"},{"value":"8","label":"Tue 09\/04\/1994 - a dd\/MM\/yyyy"}]},{"type":"checkbox","id":"remove_sold_out","label":"Remove Variant Sold Out","info":"Removing the variants that are sold out","default":false},{"type":"checkbox","id":"use_notify_me","label":"Enable a back in stock notification form","info":"When a customer submits the back in stock notification form for a sold out product, you will receive an email to the email address you have set up in the admin to be [your Customer email.](\/\/help.shopify.com\/assets\/manual\/customize\/customer-email-03cea16d2eb80d21ad80f8dc559ea5bc1ae4ce9f2b19d6cb83711f1e6c2b63bb.jpg)","default":true},{"type":"paragraph","content":"With a back in stock notification form, customers can let you know if they want to be informed when a sold out product becomes available again. When a customer uses the form to submit their email address, you will be sent information about the product that they are interested in. When more stock becomes available, you can let the customer know."},{"type":"checkbox","id":"breadcrumb_pr","label":"Enable Breadcrumb","default":true},{"type":"checkbox","id":"back_next_pr","label":"Enable Back\/Next Product Navigation","default":true},{"type":"header","content":"Design Main Image"},{"type":"select","id":"ratio_img_main","label":"Aspect Ratio Main","default":"ratio_imgtrue","options":[{"group":"Adapt Image","value":"ratio_imgtrue","label":"Adapt to all image"},{"group":"Adapt Image","value":"ratio_img1","label":"Adapt to first image"},{"group":"Landscape","value":"ratio2_1","label":"2:1"},{"group":"Landscape","value":"ratio16_9","label":"16:9"},{"group":"Landscape","value":"ratio8_5","label":"8:5"},{"group":"Landscape","value":"ratio3_2","label":"3:2"},{"group":"Landscape","value":"ratio4_3","label":"4:3"},{"group":"Landscape","value":"ratio_cs","label":"Ratio ASOS"},{"group":"Squared","value":"ratio1_1","label":"1:1"},{"group":"Portrait","value":"ratio2_3","label":"2:3"},{"group":"Portrait","value":"ratio1_2","label":"1:2"},{"group":"Custom","value":"ratio_cus1","label":"Ratio Custom 1"},{"group":"Custom","value":"ratio_cus2","label":"Ratio Custom 2"},{"group":"Custom","value":"ratio_cus3","label":"Ratio Custom 3"},{"group":"Custom","value":"ratio_cus4","label":"Ratio Custom 4"}]},{"type":"select","id":"img_size_main","label":"Image Size Main","default":"cs_contain","options":[{"value":"cs_cover","label":"Full"},{"value":"cs_contain","label":"Auto"}]},{"type":"select","id":"img_pos_main","info":"The first value is the horizontal position and the second value is the vertical.","options":[{"value":"default","label":"Default"},{"value":"1","label":"Left Top"},{"value":"2","label":"Left Center"},{"value":"3","label":"Left Bottom"},{"value":"4","label":"Right Top"},{"value":"5","label":"Right Center"},{"value":"6","label":"Right Bottom"},{"value":"7","label":"Center Top"},{"value":"8","label":"Center Center"},{"value":"9","label":"Center Bottom"}],"label":"Image Position Main","default":"8"},{"type":"header","content":"Design Thumb Image"},{"type":"select","id":"ratio_img_thumb","label":"Aspect Ratio Thumb","default":"ratio_imgtrue","options":[{"group":"Adapt Image","value":"ratio_imgtrue","label":"Adapt to all image"},{"group":"Adapt Image","value":"ratio_img1","label":"Adapt to first image"},{"group":"Landscape","value":"ratio2_1","label":"2:1"},{"group":"Landscape","value":"ratio16_9","label":"16:9"},{"group":"Landscape","value":"ratio8_5","label":"8:5"},{"group":"Landscape","value":"ratio3_2","label":"3:2"},{"group":"Landscape","value":"ratio4_3","label":"4:3"},{"group":"Landscape","value":"ratio_cs","label":"Ratio ASOS"},{"group":"Squared","value":"ratio1_1","label":"1:1"},{"group":"Portrait","value":"ratio2_3","label":"2:3"},{"group":"Portrait","value":"ratio1_2","label":"1:2"},{"group":"Custom","value":"ratio_cus1","label":"Ratio Custom 1"},{"group":"Custom","value":"ratio_cus2","label":"Ratio Custom 2"},{"group":"Custom","value":"ratio_cus3","label":"Ratio Custom 3"},{"group":"Custom","value":"ratio_cus4","label":"Ratio Custom 4"}]},{"type":"select","id":"img_size_thumb","label":"Image Size Thumb","default":"cs_contain","options":[{"value":"cs_cover","label":"Full"},{"value":"cs_contain","label":"Auto"}]},{"type":"select","id":"img_pos_thumb","info":"The first value is the horizontal position and the second value is the vertical.","options":[{"value":"default","label":"Default"},{"value":"1","label":"Left Top"},{"value":"2","label":"Left Center"},{"value":"3","label":"Left Bottom"},{"value":"4","label":"Right Top"},{"value":"5","label":"Right Center"},{"value":"6","label":"Right Bottom"},{"value":"7","label":"Center Top"},{"value":"8","label":"Center Center"},{"value":"9","label":"Center Bottom"}],"label":"Image Position Thumb","default":"8"},{"type":"header","content":"Product social sharing options"},{"type":"select","id":"share_source","label":"Share source","options":[{"value":"1","label":"Default"},{"value":"2","label":"AddThis"},{"value":"3","label":"Growave social sharing"}],"default":"2"},{"type":"paragraph","content":"[Growave ‑ Reviews, Loyalty ++by Growave](https:\/\/growave.io\/?ref=clever_sopify)"}]},{"name":"Product Item Settings","settings":[{"type":"checkbox","id":"use_quickview","label":"Enable Quick View","default":true},{"type":"checkbox","id":"use_pr_rating","label":"Enable Rating","default":false},{"type":"checkbox","id":"hide_btns","label":"Hidden Add to cart, Select option, quick shop","default":false},{"type":"checkbox","id":"bordered_grid","label":"Add bordered grid","info":"add borders between the products in your grid","default":false},{"type":"header","content":"Price settings"},{"type":"select","id":"price_format","options":[{"value":"1","label":"$39.00 – $59.00"},{"value":"2","label":"From $39.00"}],"label":"Price varies settings","default":"1"},{"type":"header","content":"Product images settings"},{"type":"select","id":"show_pr_img","options":[{"value":"1","label":"Only one image"},{"value":"2","label":"Two images"}],"label":"Show Image","default":"2"},{"type":"select","id":"hover_img","options":[{"value":"1","label":"Opacity"},{"value":"2","label":"Zoom"}],"label":"Two images hover effect","default":"2"},{"type":"range","id":"pr_overlay","label":"Background overlay","default":10,"min":0,"max":100,"step":1,"unit":"%"},{"type":"header","content":"Quick Shop Popup"},{"type":"checkbox","id":"use_quickshop","label":"Enable Quick Shop","default":true},{"type":"checkbox","id":"use_buy_qs","label":"Enable Dynamic Checkout Button","info":"Lets customers check out directly using a familiar payment method. [Learn more](https:\/\/help.shopify.com\/manual\/using-themes\/change-the-layout\/dynamic-checkout)","default":true},{"type":"select","id":"swatch_design","default":"2","options":[{"value":"1","label":"1. Variant with circle"},{"value":"2","label":"2. Variant with circle + color"},{"value":"3","label":"3. Variant with radio"},{"value":"4","label":"4. Variant with radio + color"},{"value":"5","label":"5. Variant with radio full width"},{"value":"6","label":"6. Variant with radio full width + color"},{"value":"7","label":"7. Variant with rectangle"},{"value":"8","label":"8. Variant with rectangle + color"},{"value":"9","label":"9. Variant simple"},{"value":"10","label":"10. Variant simple + color"}],"label":"Variation Swatches Combination"},{"type":"select","id":"style_color","options":[{"value":"1","label":"Circle"},{"value":"2","label":"Square"}],"label":"Variation Swatches Style"},{"type":"select","id":"swatch_style","options":[{"value":"1","label":"Color Swatches"},{"value":"2","label":"Image Swatches"}],"label":"Variation Swatches Type"},{"type":"select","id":"swatch_size","options":[{"value":"small","label":"Small"},{"value":"medium","label":"Medium"},{"value":"large","label":"Large"}],"label":"Variation Swatches Size","default":"medium"},{"type":"header","content":"Color or Image Variation Swatches"},{"type":"checkbox","id":"show_pr_color","label":"Enable Variation Swatches","info":"Shows color or image swatches on shop\/category\/tag archive pages","default":true},{"type":"select","id":"show_color_type","options":[{"value":"1","label":"All Variants"},{"value":"2","label":"Only Variants Available"}],"label":"Show Type"},{"type":"select","id":"pr_swatch_setting","options":[{"value":"1","label":"Color Swatches"},{"value":"2","label":"Image Swatches"}],"label":"Variation Swatches Type"},{"type":"select","id":"swatch_home_size","options":[{"value":"small","label":"Small"},{"value":"medium","label":"Medium"},{"value":"large","label":"Large"}],"label":"Variation Swatches Size","default":"small"},{"type":"select","id":"swatch_style_settings","options":[{"value":"rounded","label":"Circle"},{"value":"square","label":"Square"}],"label":"Variation Swatches Style","default":"rounded"},{"type":"header","content":"Size Variation Settings"},{"type":"checkbox","id":"show_pr_size","label":"Show Size","default":false},{"type":"select","id":"show_size_type","options":[{"value":"1","label":"All size"},{"value":"2","label":"Only size available"}],"label":"Show Type"},{"type":"textarea","id":"size_ck","label":"Enter variant name you want show size","info":"Eg: size, sizes"}]},{"name":"Cart, Search Widget","settings":[{"type":"header","content":"1. Cart settings"},{"type":"select","id":"min_qty","label":"Min quantity cart","info":" Minimum quantity value in cart page\/cart sidebar. For example, if you set the value to 1, the user cannot reduce it to 0.","options":[{"value":"0","label":"0"},{"value":"1","label":"1"}]},{"type":"select","id":"edit_item","label":"Edit Item Mode","options":[{"value":"0","label":"Replace old item"},{"value":"1","label":"Add new item"}]},{"type":"checkbox","id":"use_cart_cd","label":"Enable Cart Countdown in Cart Page","default":false},{"type":"range","id":"cart_time","label":"Cart time countdown (minutes)","default":10,"min":1,"max":100,"step":1,"unit":"Min"},{"type":"header","content":"2. Canvas Cart Section"},{"type":"select","id":"cart_pos","options":[{"value":"disable","label":"Disable"},{"value":"side","label":"Hidden sidebar"},{"value":"dropdown","label":"Dropdown widget in header"}],"label":"Shopping cart position","default":"side","info":"Shopping cart widget may be placed in the header or as a sidebar."},{"type":"select","id":"after_action_atc","label":"Action when an item is added to the cart: ","options":[{"value":"0","label":"No action. Stay on the current page"},{"value":"1","label":"Show popup"},{"value":"2","label":"Show popup recommendations"},{"value":"3","label":"Show hidden sidebar\/dropdown"},{"value":"4","label":"Go to cart page"}],"default":"3"},{"type":"header","content":"3. Search Widget"},{"type":"select","id":"search_pos","options":[{"value":"disable","label":"Disable"},{"value":"canvas","label":"Hidden sidebar"},{"value":"full","label":"full screen"}],"label":"Search Widget position","default":"full"},{"type":"checkbox","id":"ajax_search","label":"Enable AJAX search","default":true},{"type":"checkbox","id":"filter_type_search","label":"Search by product type","info":"Filter search results with product type","default":false},{"type":"checkbox","id":"only_search_prs","label":"Search only products","info":"Only returns products in the search results","default":true},{"type":"select","id":"unavailable_prs","options":[{"value":"hide","label":"Hide"},{"value":"show","label":"Show"},{"value":"last","label":"Last"}],"label":"Unavailable products","default":"last"},{"type":"paragraph","content":"Specifies whether to display results for unavailable products. The three possible options are show, hide, and last. Set to last to display unavailable products below other matching results. Set to hide to exclude unavailable products from the search results."},{"type":"select","id":"prefix","options":[{"value":"none","label":"none"},{"value":"last","label":"Last"}],"label":"Prefix","default":"none"},{"type":"paragraph","content":"Specifies whether we want to perform a partial word match on the last search term. The possible options are none and last. Set to last to autocomplete the last term. For example, if a query is made on 'winter snow', a search will be made on all resources that contain both the term 'winter' as well as a term that starts with 'snow' such as 'snow', 'snowshoe', or 'snowboard'. When set to none, the search will not autocomplete on the last term."},{"type":"paragraph","content":"—————————————————"},{"type":"paragraph","content":"Search Suggest Products"},{"type":"checkbox","id":"show_search_suggest","label":"Show Suggest Products","default":false},{"id":"search_prs_suggest","type":"collection","label":"Collection"}]},{"name":"Blog Pages","settings":[{"type":"header","content":"Blog page layout"},{"type":"select","id":"blog_layout","default":"default","options":[{"value":"default","label":"Default"},{"value":"wide","label":"Wide (1600px)"},{"value":"full","label":"full Width"}],"label":"Blog Layout"},{"type":"header","content":"Blog Sidebar"},{"type":"select","id":"blog_sidebar","default":"none","options":[{"value":"none","label":"None"},{"value":"left","label":"Sidebar Left"},{"value":"right","label":"Sidebar Right"}],"label":"Blog Sidebar","info":"Select main content and sidebar alignment for shop pages."},{"type":"select","id":"blog_size_sidebar","default":"2","options":[{"value":"1","label":"Small"},{"value":"2","label":"Medium"},{"value":"3","label":"Large"}],"label":"Sidebar size","info":"You can set different sizes for your shop pages sidebar"},{"type":"checkbox","id":"blog_slider","label":"Enable Blog Slider","default":false}]},{"name":"Other Settings","settings":[{"type":"header","content":"My Account Page"},{"type":"checkbox","id":"lr_enable","label":"Login and register","info":"Enable for login and register in one page","default":true},{"type":"checkbox","id":"use_privacy_policy","label":"Show privacy policy (GDPR compliant)","default":false},{"type":"page","id":"privacy_policy_link","label":"Privacy policys page"},{"type":"checkbox","id":"login_side","label":"Enable Login sidebar widget","default":true},{"type":"url","id":"checkout_url","label":"Which page to show","info":"Choose which page to show when customers log in to your online store"},{"type":"paragraph","content":"—————————————————"},{"type":"checkbox","id":"growave_social_login","label":"Enable Social Login"},{"type":"paragraph","content":"To give your customers an easy way to create an account and gain a loyal customer base install  that offers Social Login, Social Sharing, Instagram, Loyalty and Rewards, Reviews, Wishlist "},{"type":"header","content":"Free shipping minimum amount"},{"type":"paragraph","content":"Free shipping minimum amount needs to be set up as a product."},{"type":"product","id":"free_ship_pr","label":"Product shipping amount","info":"Make sure that you have properly configured your [shipping rates](https:\/\/help.shopify.com\/en\/manual\/shipping\/setting-up-and-managing-your-shipping\/setting-up-shipping-rates)."},{"type":"header","content":"Gift wrap"},{"type":"product","id":"gift_wrap_pr","label":"Product Gift wrap","info":"Gift wrap needs to be set up as a product."},{"type":"header","content":"Taxes and shipping info","info":"Add a link Taxes and shipping info"},{"type":"page","id":"link_ship","label":"Taxes and shipping info (optional)"},{"type":"header","content":"Terms and conditions checkbox","info":"Add a link Terms and conditions"},{"type":"page","id":"link_conditions","label":"Terms and conditions link (optional)"},{"type":"header","content":"Shipping Rates Calculator"},{"type":"text","id":"ship_calc_df_country","label":"Default country selection","default":"United States"},{"type":"paragraph","content":"If your customer is logged-in, the country in his default shipping address will be selected. If you are not sure about the  spelling to use here, refer to the first checkout page."}]},{"name":"Language, Currency","settings":[{"type":"paragraph","content":"Language, Currency Converter Plus"},{"type":"header","content":"Language selector","info":"To add a language, go to your [language settings.](\/admin\/settings\/languages)"},{"type":"paragraph","content":"[Learn more about selling in multiple languages](https:\/\/help.shopify.com\/en\/manual\/cross-border\/multilingual-online-store)"},{"type":"paragraph","content":"To work on translations, install a translations app that's compatible with selling in multiple languages. [Visit the Shopify App Store](https:\/\/apps.shopify.com\/collections\/apps-for-store-languages)"},{"type":"checkbox","id":"show_locale_selector","label":"Show language selector","default":true},{"type":"select","id":"lang_pos","label":"Language position fixed Center","options":[{"value":"0","label":"Disable"},{"value":"1","label":"Desktop + Mobile"},{"value":"2","label":"Only Desktop"}]},{"type":"header","content":"Currency Config"},{"type":"checkbox","id":"show_multiple_currencies","label":"Enable Currency conversion","default":true},{"type":"checkbox","id":"flag_currency","label":"Show Country Flag","default":true},{"type":"select","id":"size_currency","label":"Flag Size","options":[{"value":"sm","label":"Small"},{"value":"md","label":"Medium"}],"default":"md"},{"type":"select","id":"currency_pos","label":"Currency position fixed Center","options":[{"value":"0","label":"Disable"},{"value":"1","label":"Desktop + Mobile"},{"value":"2","label":"Only Desktop"}]}]},{"name":"Custom CSS, JS","settings":[{"type":"header","content":"Custom CSS"},{"type":"checkbox","id":"custom_css","label":"Enable Custom CSS","default":false},{"type":"textarea","id":"global_css","label":"Global Custom CSS","placeholder":"Enter Global CSS code"},{"type":"textarea","id":"desktop_css","label":"Custom CSS for only desktop","placeholder":"Enter CSS code for only desktop"},{"type":"textarea","id":"tablet_mobile_css","label":"Custom CSS for tablet, mobile","placeholder":"Enter CSS code for tablet, mobile"},{"type":"textarea","id":"tablet_css","label":"Custom CSS for only tablet","placeholder":"Enter CSS code for only tablet"},{"type":"textarea","id":"mobile_css","label":"Custom CSS for only mobile","placeholder":"Enter CSS code for only mobile"},{"type":"header","content":"Custom JS"},{"type":"paragraph","content":"[Instructions to custom js](https:\/\/cleversopify.com\/como\/theme-settings\/custom-css-js)"},{"type":"checkbox","id":"custom_js","label":"Enable Custom JS","default":false}]},{"name":"Social Media","settings":[{"type":"header","content":"Social Sharing Image"},{"type":"image_picker","id":"share_image","label":"Image","info":"Shown when sharing a link on social media. [Learn more](https:\/\/help.shopify.com\/en\/manual\/using-themes\/troubleshooting\/showing-social-media-thumbnail-images\/) about image thumbnails."},{"type":"header","content":"Social Sharing Options"},{"type":"checkbox","id":"share_facebook","label":"Share on Facebook","default":true},{"type":"checkbox","id":"share_twitter","label":"Tweet on Twitter","default":true},{"type":"checkbox","id":"share_pinterest","label":"Pin on Pinterest","default":true},{"type":"checkbox","id":"share_tumblr","label":"Pin on Tumblr","default":false},{"type":"checkbox","id":"share_email","label":"Share on Email","default":true},{"type":"checkbox","id":"share_instagram","label":"Share on instagram","default":true},{"type":"checkbox","id":"share_whatsapp","label":"Share on WhatsApp","default":false},{"type":"header","content":"Social accounts"},{"type":"text","id":"social_facebook_link","label":"Facebook","info":"https:\/\/facebook.com\/shopify"},{"type":"text","id":"social_twitter_link","label":"Twitter","info":"https:\/\/twitter.com\/shopify"},{"type":"text","id":"social_instagram_link","label":"Instagram","info":"https:\/\/instagram.com\/shopify"},{"type":"text","id":"social_dribbble_link","label":"Dribbble","info":"https:\/\/dribbble.com\/shopify"},{"type":"text","id":"social_linkedin_link","label":"Linkedin","info":"https:\/\/www.linkedin.com\/company\/shopify"},{"type":"text","id":"social_pinterest_link","label":"Pinterest","info":"https:\/\/pinterest.com\/shopify"},{"type":"text","id":"social_tumblr_link","label":"Tumblr","info":"https:\/\/www.tumblr.com"},{"type":"text","id":"social_youtube_link","label":"YouTube","info":"https:\/\/www.youtube.com\/shopify"},{"type":"text","id":"social_behance_link","label":"Behance","info":"https:\/\/www.behance.net\/gallery\/62806021\/shopify"},{"type":"text","id":"social_soundcloud_link","label":"Soundcloud","info":"https:\/\/soundcloud.com\/shopify"}]},{"name":"Favicon","settings":[{"type":"header","content":"Favicon Image"},{"type":"image_picker","id":"favicon","label":"Favicon Image","info":"Upload image: png, ico, Will be scaled down to 32 x 32px"},{"type":"header","content":"Favicon Retina Image"},{"type":"image_picker","id":"favicon_apple","label":"Favicon Retina Image","info":"Upload image: png, ico, Will be scaled down to 152 x 152px"}]}]