{"current":{"general_layout":"full_width","cus_w_bd":1420,"body_bg":"#fff","body_bg_image":"","body_bg_repeat":"default","body_bg_size":"default","body_bg_attachment":"default","body_bg_position":"default","home_keywords":"CleverSopify, Ajax Shop, Minimal, Lazyload","shop_author":"CleverSopify","global_acc":"","use_rtl":false,"backtop":"3","backtop_des":"2","prevent_copying":false,"falling_snow":false,"catalog_mode":false,"enable_toolbar":false,"enable_new_pp":false,"enable_pro_pr_pp":true,"enable_ck_pp":true,"enable_age_pp":true,"enable_salse_pp":true,"enable_salse_pp_mb":true,"platform_email":"1","klaviyo_list_id":"","ajax_klaviyo":true,"action_mailchimp":"","ajax_mailChimp":true,"checkbox_mail":false,"link_mail":"","enable_growave":false,"enable_infiniteoptions":true,"app_review":"1","label_settings":"rectangular","use_sale_label":true,"label_sale_style":"2","use_sold_out_label":true,"use_new_label":true,"new_day_added":10,"c_1":"","c_2":"","c_3":"","c_4":"","logo_svg":"logo.svg","logo_retina":"","logo_width":120,"logo_svg2":"logo.svg","logos":"","logos_retina":"","logos_width":80,"logo_svg3":"logo.svg","logo_mb":"","logo_mb_retina":"","logo_mb_width":80,"logo_tr_svg":"codo-white.svg","logo_tr":"","logo_tr_retina":"","logo_tr_width":100,"h_banner":false,"h_topbar":true,"full_header":false,"sticky_header":true,"scroll_header":false,"header_design":"4","h_transparent":false,"h_tr_top":false,"h_navmb":72,"mb_cat":false,"only_icon":false,"first_cat":false,"h__bgimg":"","bgnav":"#ebedee","opnav":100,"clnav":"#282828","bgnavst":"#ffffff","opnavst":100,"clnavst":"#282828","bgnavtr":"#282828","opnavtr":40,"clnavtr":"#ffffff","h_icon":"icclv","show_search":true,"show_acc":true,"cart_des":"1","bg_hc":"#008d9b","cl_hc":"#ffffff","btncs_style":"1","cl_bd_text":"#707070","color_primary":"#008d9b","cl_hd":"#222222","cl_se_tt":"#222222","cl_se_subtt":"#878787","ld_bar":"#ffffff","cl_sale":"#ffffff","cl_new":"#ffffff","cl_sold_out":"#999","clpr_tt":"#000000","clpr_price":"#777777","clpr_price_sale":"#777777","clpr_price_goc":"#999999","bgqv_btn":"#fff","qv_btn":"#ffffff","bgqv_btn_hover":"#222222","qv_btn_hover":"#222222","bgatc_btn":"#fff","atc_btn":"#ffffff","bgatc_btn_hover":"#222222","atc_btn_hover":"#ffffff","bgatc_pg":"#000000","atc_pg":"#fff","bgatc_pg_hover":"#ffdede","atc_pg_hover":"#000000","bgck_btn":"#000000","ck_btn":"#ffffff","bgck_btn_hover":"#222222","ck_btn_hover":"#fff","cl_tooltip":"#383838","cl_tooltip_txt":"#fff","cl_lazyload":"#d92b4b","bg_lazyload":"#f5f5f5","use_cus_lz":false,"cus_lz":"","size_cus_lz":60,"font_source":"2","fnt_bd":"poppins_n4","fnt_heading":"poppins_n4","fnt_sub_tt":"poppins_n4","fnt_bd2":"Jost","fnt_heading2":"Barlow","fnt_sub_tt2":"Jost","fw_bd":400,"size_bd_text":16,"bd_line_height":1.7,"hd_letter_spacing":0,"fw_hd":600,"hd_line_height":1.4,"ls_hd":0.8,"fw_nav":400,"fs_nav":16,"ls_nav":0.8,"size_se_tt":36,"fw_se_tt":600,"lh_se_tt":0,"ls_se_tt":0,"size_se_tt_mb":24,"fw_se_tt_mb":600,"lh_se_tt_mb":0,"ls_se_tt_mb":0,"size_se_stt":18,"fw_se_stt":400,"lh_se_stt":0,"ls_se_stt":0,"size_se_stt_mb":14,"fw_se_stt_mb":400,"lh_se_stt_mb":0,"ls_se_stt_mb":0,"txt_tr_pr":"capitalize","size_pr":16,"size_price_pr":16,"fw_pr":400,"ls_pr":0,"space_pr":15,"shop_layout":"default","shop_des":"default","cat_des":"1","shop_sidebar":"left","shop_size_sidebar":"2","use_hidden_cat":false,"space_sidebar":30,"ajax_shop":true,"ajax_scroll_top":false,"show_column_switch":true,"sort_enable":true,"cat_sticky":false,"shop_filters":false,"pop_style":"cs_pop_sidebar","type_filters":"1","logic_filter":"1","auto_hide_ofsock":false,"show_hide_ofsock":false,"pr_layout":"default","design_products":"1","size_img_pr":"2","nav_img_pr":"medium","use_sticky_des":true,"main_click":"zoom","zoom_tp":"2","pswp_tp":"light","show_zoom_img":true,"des_pr_design":"2","des_pr_layout":"1","pr_sidebar":"none","pr_sidebar_full":false,"pr_size_sidebar":"2","pr_curent":"3","fbt_pos":"1","show_first_img":false,"use_vimg":true,"sticky_atc":true,"social_pr":true,"enable_vlooping":true,"use_fimg":false,"color_ck":"","use_clicking_vimg":false,"enable_his":true,"pr_incoming_mess":false,"date_in":"3","remove_sold_out":false,"use_notify_me":true,"breadcrumb_pr":true,"back_next_pr":true,"ratio_img_main":"ratio_imgtrue","img_size_main":"cs_contain","img_pos_main":"8","ratio_img_thumb":"ratio_imgtrue","img_size_thumb":"cs_cover","img_pos_thumb":"8","share_source":"1","use_quickview":true,"use_pr_rating":false,"hide_btns":false,"price_format":"1","show_pr_img":"2","hover_img":"2","pr_overlay":10,"use_quickshop":true,"use_buy_qs":true,"swatch_design":"2","style_color":"2","swatch_style":"1","swatch_size":"medium","show_pr_color":true,"show_color_type":"1","pr_swatch_setting":"1","swatch_home_size":"small","swatch_style_settings":"rounded","show_pr_size":true,"show_size_type":"1","size_ck":"","min_qty":"1","edit_item":"0","use_cart_cd":false,"cart_time":10,"cart_pos":"side","after_action_atc":"3","search_pos":"full","ajax_search":true,"filter_type_search":false,"only_search_prs":true,"unavailable_prs":"hide","prefix":"none","show_search_suggest":true,"search_prs_suggest":"","blog_layout":"default","blog_sidebar":"right","blog_size_sidebar":"2","blog_slider":false,"lr_enable":true,"use_privacy_policy":false,"privacy_policy_link":"","login_side":true,"checkout_url":"","growave_social_login":false,"free_ship_pr":"","gift_wrap_pr":"3-seater-sofa-w-chaiselong","link_ship":"","link_conditions":"","ship_calc_df_country":"United States","show_locale_selector":false,"lang_pos":"0","show_multiple_currencies":false,"flag_currency":false,"size_currency":"sm","currency_pos":"1","custom_css":false,"global_css":"","desktop_css":"","tablet_mobile_css":"","tablet_css":"","mobile_css":"","custom_js":true,"share_image":"","share_facebook":true,"share_twitter":false,"share_pinterest":true,"share_tumblr":false,"share_email":false,"share_whatsapp":false,"social_facebook_link":"#","social_twitter_link":"","social_instagram_link":"#","social_dribbble_link":"","social_linkedin_link":"","social_pinterest_link":"#","social_tumblr_link":"","social_youtube_link":"","social_behance_link":"","social_soundcloud_link":"","favicon":"","favicon_apple":"","checkout_header_image":"","checkout_logo_image":"","checkout_logo_position":"left","checkout_logo_size":"small","checkout_body_background_image":"","checkout_body_background_color":"#fff","checkout_input_background_color_mode":"white","checkout_sidebar_background_image":"","checkout_sidebar_background_color":"#fafafa","checkout_heading_font":"-apple-system, BlinkMacSystemFont, 'Segoe UI', Roboto, Helvetica, Arial, sans-serif, 'Apple Color Emoji', 'Segoe UI Emoji', 'Segoe UI Symbol'","checkout_body_font":"-apple-system, BlinkMacSystemFont, 'Segoe UI', Roboto, Helvetica, Arial, sans-serif, 'Apple Color Emoji', 'Segoe UI Emoji', 'Segoe UI Symbol'","checkout_accent_color":"#197bbd","checkout_button_color":"#197bbd","checkout_error_color":"#e32c2b","enable_meta":false,"enable_tag":false,"filter_price_list":"$7-$50, $50-$150, $150-$500","show_wis":true,"atw_btn":"#fff","auto_currency":false,"currency_type":"1","supported_currencies":"EUR - EUR | USD - USD | GBP - GBP| SEK -SEK","currency_format":"money_format","round_currency":false,"notify_currency":true,"mess_currency":"All charges are billed in {{ currency }}. While the content of your cart is currently displayed in <span class=\"selected-currency\"><\/span>, the checkout will use {{ currency }} at the most current exchange rate.","hover_currency":false,"share_telegram":false,"enable_import":true,"use_eq_thumb_height":false,"img_ratio_thumb":"ratio_cs","use_eq_nav_height":false,"img_ratio_nav":"ratio_cs","img_size_nav":"cs_cover","img_pos_nav":"8","hide_currency":false,"remove_currency":false,"sup_currency":false,"fv_counter":false,"favicon_animation":"pop","fv_bgcolor":"#56cfe1","fv_txtcolor":"#ffffff","enable_pro_pp":false,"operation_days":"Mon:1700-2100,Tue:1700-2100,Wed:1700-2200,Thu:1700-2200,Fri:1700-2300,Sat:1200-2300,Sun:1200-2100","timezones":"America\/Los_Angeles","sale_cl":"#ec0101","color_body_text":"#555555","color_price_sale":"#ec0101","color_lazyload":"#f5f5f5","color_secondary":"#1b1919","color_sale":"#ff4e00","color_new":"#56cfd9","color_sold_out":"#999","color_btn_slider":"#f76b6a","color_btn_slider_text":"#fff","color_btn_add":"#f76b6a","color_btn_add_text":"#fff","color_btn_qv":"#383838","color_btn_qv_text":"#fff","color_btn_vc":"#2d2d2d","color_btn_vc_text":"#fff","color_btn_ck":"#f76b6a","color_btn_ck_text":"#fff","color_threshold_bar":"#ff4b4b","color_ship":"#f76b6a","color_ship_bar":"#95bf47","color_add_page":"#f76b6a","color_add_page_text":"#fff","color_add_sticky":"#f76b6a","color_add_sticky_text":"#fff","border_color_tab":"#f76b6a","color_mbnav":"#f76b6a","color_mbnav_text":"#fff","color_vernav":"#f76b6a","color_vernav_text":"#fff","color_btn_now":"#282828","color_btn_now_text":"#fff","color_input_new":"#333333","color_sign_up":"#f76b6a","color_sign_up_text":"#fff","color_backtop":"#f76b6a","color_backtop_text":"#fff","color_tooltip":"#383838","color_tooltip_text":"#fff","font_body_text":"poppins_n4","size_body_text":14.5,"body_line_height":1.2,"font_heading":"poppins_n4","titles_line_height":1.4,"size_heading":36,"size_text_h1":28,"size_text_h2":24,"size_text_h3":22,"size_text_h4":18,"size_text_h5":16,"size_text_h6":12,"fnt_sub_title":"libre_baskerville_i4","show_back_next_pr":true,"upsell_cart":"","show_custom_css":false,"show_custom_js":false,"color_sale_50":"#ff4e00","show_inline_cscss":true,"sections":{"1581505806578":{"type":"slideshow","blocks":{"1585640154849":{"type":"img","settings":{"image":"shopify:\/\/shop_images\/11slide.png","pos_img":"center center","cl_img":"rgba(0,0,0,0)","link_img1":"","open_link":"_blank","caption_w":"1","cap_v_pos":50,"cap_h_pos":50,"txt_align":"tc_md","cap_v_pos_mb":50,"cap_h_pos_mb":39,"txt_align_mb":"tc","cl_overlay":"#000000","cl_opacity":0,"ani_img":"tran_ef","ani_txt":"bottom_top"}},"845fea64-17c5-4537-9232-6464d581cbf8":{"type":"hd","settings":{"title":"HEAVY DUTY DEALS","color":"#ffffff","fw_text":800,"fs_text":72,"lh_text":74,"ls_text":0,"fs_mb_text":35,"lh_mb_text":40,"ls_mb_text":0}},"1585640466340":{"type":"space","settings":{"sp":20,"sp_mb":10}},"3d7a6453-18ba-4c3e-a53a-e0c5590aa3ac":{"type":"txt","settings":{"title":"Free Add-on items with over 100+ popular tools","color":"#ffffff","fw_text":400,"fs_text":18,"lh_text":24,"ls_text":0,"fs_mb_text":14,"lh_mb_text":0,"ls_mb_text":0,"hide":false}},"1585640490350":{"type":"space","settings":{"sp":40,"sp_mb":10.5}},"1585640453760":{"type":"btn","settings":{"button_style_1":"style_1","padding_button_1":"0px 30px 0px 30px","title":"SHOP NOW","btn_link":"shopify:\/\/collections\/trending","title2":"","btn_link2":"","btn_round":false,"btn_icon":true,"cl_txt":"#ffffff","cl_bg":"#008d9b","cl_bd":"#008d9b","fs_text":13,"fw_text":500,"h":40,"ls_text":2,"fs_mb_text":14,"h_mb":40,"ls_mb_text":0}},"1585640492985":{"type":"space","settings":{"sp":10,"sp_mb":10}},"fa067c9a-6cba-4427-b295-4b5278fafbdc":{"type":"img","settings":{"image":"shopify:\/\/shop_images\/11-grid-1.png","pos_img":"center center","cl_img":"","link_img1":"","open_link":"_blank","caption_w":"1","cap_v_pos":50,"cap_h_pos":50,"txt_align":"tc_md","cap_v_pos_mb":50,"cap_h_pos_mb":39,"txt_align_mb":"tc","cl_overlay":"#000000","cl_opacity":0,"ani_img":"tran_ef","ani_txt":"bottom_top"}},"1585640447349":{"type":"hd","settings":{"title":"RELIABLE STROLLER","color":"#ffffff","fw_text":800,"fs_text":70,"lh_text":74,"ls_text":0,"fs_mb_text":20,"lh_mb_text":0,"ls_mb_text":0}},"038f6ed6-832b-4553-9986-90881609d758":{"type":"space","settings":{"sp":10,"sp_mb":10}},"55a5c9e4-1837-4790-808e-5cc80ec599f8":{"type":"txt","settings":{"title":"This useful and necessary tool helps to transport your baby safety","color":"#ffffff","fw_text":400,"fs_text":18,"lh_text":24,"ls_text":0,"fs_mb_text":14,"lh_mb_text":0,"ls_mb_text":0,"hide":false}},"ca571a58-7ae5-4a95-a71d-de95a3d94fa3":{"type":"space","settings":{"sp":39,"sp_mb":10}},"c74edaaf-eb0d-4d07-8a03-943ba6cfc6b0":{"type":"btn","settings":{"button_style_1":"style_1","padding_button_1":"0px 30px 0px 30px","title":"SHOW NOW","btn_link":"shopify:\/\/collections","title2":"","btn_link2":"","btn_round":false,"btn_icon":true,"cl_txt":"#ffffff","cl_bg":"#008d9b","cl_bd":"#008d9b","fs_text":13,"fw_text":500,"h":40,"ls_text":2,"fs_mb_text":14,"h_mb":40,"ls_mb_text":0}}},"block_order":["1585640154849","845fea64-17c5-4537-9232-6464d581cbf8","1585640466340","3d7a6453-18ba-4c3e-a53a-e0c5590aa3ac","1585640490350","1585640453760","1585640492985","fa067c9a-6cba-4427-b295-4b5278fafbdc","1585640447349","038f6ed6-832b-4553-9986-90881609d758","55a5c9e4-1837-4790-808e-5cc80ec599f8","ca571a58-7ae5-4a95-a71d-de95a3d94fa3","c74edaaf-eb0d-4d07-8a03-943ba6cfc6b0"],"settings":{"se_height":"cus_h","use_custom_h":"1","h_des":"600px","h_tb":"500px","h_mb":"250px","effect":"1","loop":true,"autoplay":true,"au_time":8,"au_hover":true,"button":false,"btn_vi":"2","btn_owl":"1","btn_color":"0","dot":true,"dot_owl":"2","dot_color":"1","layout":"cs_full","cl_bg":"rgba(0,0,0,0)","bg_content":"rgba(0,0,0,0)","opacity_bg":0,"mg":"","pd":"","mg_mb":"","pd_mb":""}},"article-heading":{"type":"article-heading","blocks":{"article-heading-0":{"type":"1","settings":{}},"article-heading-1":{"type":"2","settings":{}},"article-heading-2":{"type":"3","settings":{}}},"block_order":["article-heading-0","article-heading-1","article-heading-2"],"settings":{"shown":false,"use_specify_image":true,"parallax":true,"color":"#282828","overlay":54,"padding":50,"bg_pos":"center center","bg_repeat":"no-repeat","bg_size":"cover","bg_att":"scroll"}},"article-template":{"type":"article-template","blocks":{"article-template-0":{"type":"content","settings":{}},"article-template-1":{"type":"tags","settings":{}},"article-template-2":{"type":"social","settings":{"follow":false,"tooltip":true,"des":"1"}},"article-template-3":{"type":"nav","settings":{}},"article-template-5":{"type":"comments","settings":{}},"article-template-4":{"type":"related","settings":{"title":"Related Articles","t_center":true,"limit":5,"date":"date","col_pr":"4","col_pr_tb":"4","col_pr_mb":"12","loop":false,"au_time":0,"au_hover":true,"button":true,"btn_vi":"2","btn_owl":"1","btn_color":"0","dot":true,"dot_owl":"1","dot_color":"1","use_eq_height":true,"image_ratio":"ratio4_3","image_size":"cs_cover","image_position":"8"}}},"block_order":["article-template-0","article-template-1","article-template-2","article-template-3","article-template-5","article-template-4"],"settings":{}},"product-recommendations":{"type":"product-recommendations","settings":{"show":true,"title":"You may also like","sub_title":"","sub_font":"2","style_title":"title_1","ic_tt":"gem","show_clpr":false,"display_type":"3","limit":6,"space":30,"col_pr":"3","col_pr_tb":"3","col_pr_mb":"6","pr_des":"1","show_vendor":false,"use_cdt":false,"round_cd":false,"cdt_des":"1","loop":true,"au_time":0,"au_hover":true,"button":false,"btn_vi":"1","btn_owl":"1","btn_color":"0","dot":false,"dot_owl":"1","dot_color":"1","use_eq_height":false,"image_ratio":"ratio_cs","image_size":"cs_cover","image_position":"8"}},"list-collections-template":{"type":"list-collections-template","settings":{"layout":"default","hoverz":true,"cat_design":"2","cat_space":"30","display_type":"all","sort":"alphabetical","col":"3","col_md":"4","col_mb":"6","pr_txt":"products","use_eq_height":true,"image_ratio":"ratio2_3"}},"cart-template":{"type":"cart-template","blocks":{"cart-template-0":{"type":"price","settings":{}},"cart-template-1":{"type":"tax","settings":{}},"cart-template-2":{"type":"agree","settings":{}},"cart-template-3":{"type":"btnck","settings":{}},"cart-template-4":{"type":"btnmr","settings":{}},"cart-template-5":{"type":"img","settings":{"wimg":50}},"cart-template-6":{"type":"btn","settings":{"title":"Return To Shop","style":"primary tu"}}},"block_order":["cart-template-0","cart-template-1","cart-template-2","cart-template-3","cart-template-4","cart-template-5","cart-template-6"],"settings":{"ajax_enable":true,"calc_ship":true,"show_note":true,"show_rates":true,"show_discount":true,"show_gift_wrap":true}},"blog-heading":{"type":"blog-heading","blocks":{"blog-heading-0":{"type":"1","settings":{}},"blog-heading-1":{"type":"2","settings":{}}},"block_order":["blog-heading-0","blog-heading-1"],"settings":{"shown":false,"parallax":false,"color":"#282828","overlay":54,"padding":50,"bg_pos":"center center","bg_repeat":"no-repeat","bg_size":"cover","bg_att":"scroll"}},"blog-template":{"type":"blog-template","settings":{"shop_des":"default","art_des":"1","limit":3,"space":40,"use_pagination":"more","use_bar_lm":false,"btn_rd":true,"btn_style":"primary","date":"date","col_pr":"12","col_pr_tb":"12","col_pr_mb":"12","show_au":false,"show_dt":true,"show_cm":false,"show_tg":true,"cl":"#ffffff","cl2":"#878787","bg":"#282828","overlay":90,"des_cnt":"1","use_eq_height":true,"image_ratio":"ratio4_3","image_size":"cs_cover","image_position":"8","source":"0","count":false}},"blog-slider":{"type":"blog-slider","settings":{"blog":"","limit":6,"date":"date","col_pr":"4","col_pr_tb":"4","col_pr_mb":"12","show_au":true,"show_dt":true,"loop":false,"au_time":0,"au_hover":true,"button":true,"btn_vi":"1","btn_owl":"1","btn_color":"0","dot":false,"dot_owl":"1","dot_color":"1","cl":"#ffffff","cl2":"#878787","bg":"#282828","overlay":80,"use_eq_height":true,"image_ratio":"ratio4_3","image_size":"cs_cover","image_position":"8","layout":"cs_full"}},"bptf-heading":{"type":"bptf-heading","blocks":{"bptf-heading-0":{"type":"1","settings":{}},"bptf-heading-1":{"type":"2","settings":{}}},"block_order":["bptf-heading-0","bptf-heading-1"],"settings":{"shown":true,"image":"","parallax":false,"color":"#282828","overlay":54,"padding":50,"bg_pos":"center center","bg_repeat":"no-repeat","bg_size":"cover","bg_att":"scroll"}},"bptf-template":{"type":"bptf-template","settings":{"ptf_layout":"default","shop_des":"masonry","limit":5,"space":30,"use_pagination":"default","use_bar_lm":true,"btn_rd":true,"btn_style":"default","col_pr":"6","col_pr_tb":"6","col_pr_mb":"12","use_eq_height":false,"image_ratio":"ratio_cs","image_size":"cs_cover","image_position":"8","source":"1","count":true}},"aptf-heading":{"type":"aptf-heading","blocks":{"aptf-heading-0":{"type":"1","settings":{}},"aptf-heading-1":{"type":"2","settings":{}}},"block_order":["aptf-heading-0","aptf-heading-1"],"settings":{"shown":true,"image":"","use_specify_image":true,"parallax":false,"color":"#282828","overlay":54,"padding":50,"bg_pos":"center center","bg_repeat":"no-repeat","bg_size":"cover","bg_att":"scroll"}},"aptf-template":{"type":"aptf-template","blocks":{"aptf-template-0":{"type":"content","settings":{}},"aptf-template-1":{"type":"infos","settings":{"cat":true,"author":true,"tags":true}},"aptf-template-2":{"type":"social","settings":{"follow":false,"tooltip":true,"des":"2"}},"aptf-template-3":{"type":"nav","settings":{}},"aptf-template-4":{"type":"related","settings":{"title":"Related Portfolio","t_center":true,"limit":5,"date":"date","col_pr":"4","col_pr_tb":"4","col_pr_mb":"12","loop":false,"au_time":0,"au_hover":true,"button":true,"btn_vi":"2","btn_owl":"1","btn_color":"0","dot":true,"dot_owl":"1","dot_color":"1","use_eq_height":false,"image_ratio":"ratio_cs","image_size":"cs_cover","image_position":"8"}}},"block_order":["aptf-template-0","aptf-template-1","aptf-template-2","aptf-template-3","aptf-template-4"],"settings":{"ptf_layout":"default"}},"article-sidebar":{"type":"article-sidebar","blocks":{"7567d36b-d05a-473a-84f8-c4c342c596af":{"type":"html","settings":{"title":"About","page":"<img src=\"https:\/\/cdn.shopify.com\/s\/files\/1\/0520\/1343\/3004\/files\/img.jpg?v=1621235673\">\n<p><\/p>\n<p>We are now more than 7000 peoples from more than 150 countries working in 150 country offices, in 6 regional offices and at our headquarters in Hanoi<\/p>"}},"article-sidebar-1":{"type":"post","settings":{"title":"Latest News","blog":"news","date":"abbreviated_date","limit":3}},"article-sidebar-4":{"type":"tags","settings":{"title":"Tags","count":false}}},"block_order":["7567d36b-d05a-473a-84f8-c4c342c596af","article-sidebar-1","article-sidebar-4"],"settings":{}},"shipping":{"type":"shipping","blocks":{"4900dbef-0657-4a27-8963-4bba0a96181a":{"type":"shipping","settings":{"icon":"cs-font clever-icon-truck","title":"FREE HOME DELIVERY","text":"Free shipping all order over $99"}},"1fb374fe-cce5-4c94-a393-607278151c9d":{"type":"shipping","settings":{"icon":"cs-font clever-icon-wallet-1","title":"100% SECURE PAYMENT","text":"Safe and Secure all payment"}},"4b261f10-c613-467b-984d-a92e3d41a167":{"type":"shipping","settings":{"icon":"cs-font clever-icon-refresh-1","title":"14 DAYS MONEY BACK","text":"Don't worry if you change your mind"}}},"block_order":["4900dbef-0657-4a27-8963-4bba0a96181a","1fb374fe-cce5-4c94-a393-607278151c9d","4b261f10-c613-467b-984d-a92e3d41a167"],"settings":{"enable_section":true,"source":"pegk","icon_des":"deafult","icon_align":"tc","icon_size":"medium","col_pr":"4","col_pr_tb":"4","col_mb":"fl_wrap","border":false,"layout":"container","cl_bd":"#dddddd","cl_bg":"#ffffff","cl_ic":"#008d9b","cl_hd":"#282828","cl_cot":"#878787","mg":"0px,,,","pd":"","mg_mb":"","pd_mb":""}},"cleversopify-custom-color":{"type":"cleversopify-custom-color","blocks":{"e28b6079-c4f4-458d-8c81-6470ffd2492d":{"type":"bg_color","settings":{"title":"Blue","color_1_c":"#2879fe","color_2_c":"","color_img":false}},"597da087-80b3-4902-a7de-1662dbe24deb":{"type":"bg_color","settings":{"title":"Orange","color_1_c":"#f36b26","color_2_c":"","color_img":false}},"ff9ecc43-e9be-4f88-b56b-4b8440f981cd":{"type":"bg_color","settings":{"title":"Green","color_1_c":"#7bba3c","color_2_c":"","color_img":false}},"b9422780-4e07-4002-885a-0635e0337d3d":{"type":"bg_color","settings":{"title":"Red","color_1_c":"#e7352b","color_2_c":"","color_img":false}},"5cc554f1-c699-449c-8f44-b519a6a797d5":{"type":"bg_color","settings":{"title":"Purple","color_1_c":"#8d429f","color_2_c":"","color_img":false}},"a8eea6cf-4a5e-4f44-84be-7c1300cb7464":{"type":"bg_color","settings":{"title":"Pink","color_1_c":"#f0728f","color_2_c":"","color_img":false}},"6aa576a1-b834-4ce2-bffd-ae66b3281cca":{"type":"bg_color","settings":{"title":"Brown","color_1_c":"#825d41","color_2_c":"","color_img":false}},"2aa24003-35b8-4b98-afe8-61aac0e6457e":{"type":"bg_color","settings":{"title":"White","color_1_c":"#ffffff","color_2_c":"","color_img":false}},"0aef5a65-f533-4201-83f1-6fab360c9c24":{"type":"bg_color","settings":{"title":"yellow","color_1_c":"#fed533","color_2_c":"","color_img":false}},"f2e05be7-6475-486b-b56e-6701f70dd304":{"type":"bg_color","settings":{"title":"White-Blue","color_1_c":"#ffffff","color_2_c":"#746af2","color_img":false}}},"block_order":["e28b6079-c4f4-458d-8c81-6470ffd2492d","597da087-80b3-4902-a7de-1662dbe24deb","ff9ecc43-e9be-4f88-b56b-4b8440f981cd","b9422780-4e07-4002-885a-0635e0337d3d","5cc554f1-c699-449c-8f44-b519a6a797d5","a8eea6cf-4a5e-4f44-84be-7c1300cb7464","6aa576a1-b834-4ce2-bffd-ae66b3281cca","2aa24003-35b8-4b98-afe8-61aac0e6457e","0aef5a65-f533-4201-83f1-6fab360c9c24","f2e05be7-6475-486b-b56e-6701f70dd304"],"settings":{}},"cleversopify-filter":{"type":"cleversopify-filter","settings":{}},"cleversopify-filter2":{"type":"cleversopify-filter2","blocks":{"cleversopify-filter2-0":{"type":"title","settings":{"hidden_block":false,"title":"By Title"}},"cleversopify-filter2-1":{"type":"price","settings":{"hidden_block":false,"title":"By Price"}},"cleversopify-filter2-2":{"type":"variants","settings":{"hidden_block":false,"count":true,"title":"By Size","key":"Size","style":"ck"}},"cleversopify-filter2-3":{"type":"color","settings":{"hidden_block":false,"count":true,"title":"By Color","key":"Color"}},"cleversopify-filter2-4":{"type":"vendor","settings":{"hidden_block":false,"count":true,"title":"By Vendor","style":"ck"}},"cleversopify-filter2-5":{"type":"available","settings":{"hidden_block":false,"count":true,"title":"Product status"}}},"block_order":["cleversopify-filter2-0","cleversopify-filter2-1","cleversopify-filter2-2","cleversopify-filter2-3","cleversopify-filter2-4","cleversopify-filter2-5"],"settings":{}},"header-banner":{"type":"header-banner","settings":{"link":"","text":"Up to <strong>70% Off<\/strong>. All Sales are Final! End in [countdown].","countdown":"2022\/12\/31","height":41,"fontsize":14,"cl":"#000000","bg":"#ffdc0a","bg_op":100,"show_close":false,"cl_btn":"#ffffff","ver":1,"date":60}},"header-top":{"type":"header-top","blocks":{"header-top-1":{"type":"text","settings":{"text":"<div style=\"text-align:center\">\nHotline: +84 (123) 435-6869<span> | <\/span>\nStore Location\n<\/div>","hide":false,"col":"12"}}},"block_order":["header-top-1"],"settings":{"height":42,"fontsize":14,"cl":"#ffffff","cl_a":"#282828","cl_cr":"#ec0101","bg":"#5f727e","bg_op":100,"show_border":false,"bd_cl":"#282828","cl_tr":"#ffffff","cl_a_tr":"#ffffff","cl_cr_tr":"#ec0101","bg_tr":"#282828","bg_op_tr":10,"show_border_tr":false,"bd_cl_tr":"#b3b3b3"}},"header-3":{"type":"header-3","blocks":{"39e2be4a-b4f0-4809-831b-8c4b14efa883":{"type":"mega","settings":{"title":"Home","url":"https:\/\/clever-demo.myshopify.com\/?preview_theme_id=","open_link":"_self","icon":"","cus_cl":false,"cl":"#ec0101","lb":"","lb_cl":"","pos":"default","wid":"cus","cus_wid":200}},"a741e075-6ab2-4579-8201-5000c0405079":{"type":"link","settings":{"tt_hd":"","url":"https:\/\/clever-demo.myshopify.com\/?preview_theme_id=","open_link":"_self","menu":"","col":"11"}},"19930765-d2c7-4cf8-9a39-0ca5e13bbaa8":{"type":"mega","settings":{"title":"Shop","url":"shopify:\/\/collections","open_link":"_self","icon":"","cus_cl":false,"cl":"#ec0101","lb":"","lb_cl":"","pos":"center","wid":"full nav_cscnt","cus_wid":1400}},"ae7ab99e-f985-4f52-9773-f8a2d0abb3c1":{"type":"link","settings":{"tt_hd":"Collection Layout","url":"","open_link":"_self","menu":"","col":"2"}},"b7a1cd83-1c7b-41b9-918f-614ab6f71cfc":{"type":"link","settings":{"tt_hd":"Product Layout","url":"","open_link":"_self","menu":"","col":"4"}},"0c71bd98-8f7a-4412-9082-84afbb1e087e":{"type":"link","settings":{"tt_hd":"","url":"","open_link":"_self","menu":"","col":"4"}},"1756b45a-e0a8-479c-8baf-476f8d26dc4d":{"type":"cat","settings":{"cat_design":"1","hoverz":true,"collection":"","title":"Spring Season","col":"3"}},"072b861e-8ae9-4cda-bf81-81f51159cd24":{"type":"cat","settings":{"cat_design":"1","hoverz":true,"collection":"","title":"leather shoes","col":"3"}},"ba0ad335-817f-4226-a4be-bcd4eda33416":{"type":"mega","settings":{"title":"Featured","url":"","open_link":"_self","icon":"","cus_cl":false,"cl":"#ec0101","lb":"","lb_cl":"","pos":"center","wid":"full nav_cscnt","cus_wid":1400}},"dbb665a1-2bae-4744-b673-f390ebe777af":{"type":"link","settings":{"tt_hd":"","url":"","open_link":"_self","menu":"","col":"3"}},"4ad97588-526a-4492-8283-6aca7a30b343":{"type":"pr","settings":{"limit":4,"id_cat":"frontpage","column_pr":4,"pr_des":"1","show_vendor":false,"use_cdt":false,"round_cd":false,"cdt_des":"1","use_eq_height":false,"image_ratio":"ratio_cs","image_size":"cs_cover","image_position":"8","col":"9"}},"8cd1f8a1-cc3d-4a92-824b-ba0095a89645":{"type":"dropdown","settings":{"title":"pages","url":"","open_link":"_self","menu":"","icon":"","cus_cl":false,"cl":"#ec0101","lb":"","lb_cl":"","pos":"right"}},"45eb6cfb-8c20-4eb7-9185-da4109d5c7b0":{"type":"dropdown","settings":{"title":"Blog","url":"shopify:\/\/blogs\/news","open_link":"_self","menu":"","icon":"","cus_cl":false,"cl":"#ec0101","lb":"","lb_cl":"","pos":"right"}}},"block_order":["39e2be4a-b4f0-4809-831b-8c4b14efa883","a741e075-6ab2-4579-8201-5000c0405079","19930765-d2c7-4cf8-9a39-0ca5e13bbaa8","ae7ab99e-f985-4f52-9773-f8a2d0abb3c1","b7a1cd83-1c7b-41b9-918f-614ab6f71cfc","0c71bd98-8f7a-4412-9082-84afbb1e087e","1756b45a-e0a8-479c-8baf-476f8d26dc4d","072b861e-8ae9-4cda-bf81-81f51159cd24","ba0ad335-817f-4226-a4be-bcd4eda33416","dbb665a1-2bae-4744-b673-f390ebe777af","4ad97588-526a-4492-8283-6aca7a30b343","8cd1f8a1-cc3d-4a92-824b-ba0095a89645","45eb6cfb-8c20-4eb7-9185-da4109d5c7b0"],"settings":{"height":62,"arrow":false,"align":"tc","hover":"hover_side_up"}},"footer-top":{"type":"footer-top","blocks":{"58d0a75a-4bd5-4fd1-839d-a5f6f38992ea":{"type":"logo","settings":{"logo_width":100,"title":"Get in touch","content":"<p><span> <a href=\"mailto:contact@company.com\">contact@company.com<\/a><\/span><\/p>\n<p><span>+84 (1900) 2525 686<br>\n58 Uranus Street, Liverpool City, UK <\/span><\/p>\n<p>Mon - Sat: 8.00 am - 9.00pm<br>\nSun: 8.30 am - 10.00 pm<\/p>","social_mode":"1","order":"1","cl":"15","cl_tb":"6","cl_mb":"12"}},"c02edc0e-e1bd-4605-94a7-3a6b9ca1feb2":{"type":"menu","settings":{"title":"Categories","menu":"footer-1","order":"1","cl":"15","cl_tb":"6","cl_mb":"12"}},"bd41bd2a-84b3-4602-8ae3-12c3285a9a0d":{"type":"menu","settings":{"title":"Infomation","menu":"footer-2","order":"1","cl":"2","cl_tb":"6","cl_mb":"12"}},"5e1ab03a-274f-47d0-b9ff-d82ece344c43":{"type":"menu","settings":{"title":"Useful Links","menu":"footer","order":"1","cl":"2","cl_tb":"6","cl_mb":"12"}},"8b7e77e1-e3cf-464f-ab20-707d147e65ec":{"type":"mail","settings":{"newl_des":"3","btn_icon":false,"title":"Newsletter Signup","sub_title":"Subscribe to our newsletter and get 10% off your first purchase","source":"1","svg":"amazon_payments,american_express,apple_pay,bitcoin,dankort,diners_club,discover,dogecoin,dwolla,forbrugsforeningen,interac,google_pay,jcb,klarna,klarna-pay-later,litecoin,maestro,master,paypal,shopify_pay,sofort,visa","height":30,"social_mode":"3","order":"1","cl":"3","cl_tb":"6","cl_mb":"12"}}},"block_order":["58d0a75a-4bd5-4fd1-839d-a5f6f38992ea","c02edc0e-e1bd-4605-94a7-3a6b9ca1feb2","bd41bd2a-84b3-4602-8ae3-12c3285a9a0d","5e1ab03a-274f-47d0-b9ff-d82ece344c43","8b7e77e1-e3cf-464f-ab20-707d147e65ec"],"settings":{"sticky":false,"accordions":false,"border":false,"bd_cl":"#ededed","cl_h":"#ffffff","cl":"#f2f2f2","cl_a":"#f2f2f2","cl_ip":"#959595","bd_ip":"#008d9b","cl_btn":"#008d9b","bg":"#5f727e","bg_repeat":"no-repeat","bg_size":"cover","bg_att":"scroll","bg_pos":"center center","cl_overlay":"#5f727e","cl_opacity":0}},"footer-bot":{"type":"footer-bot","blocks":{"797e4a9d-38f7-4082-9fdf-09847e8dde29":{"type":"menu","settings":{"menu":"","text":"© [year]  <a href=\"https:\/\/cleversopify.com\">CleverSopify.com<\/a>"}}},"block_order":["797e4a9d-38f7-4082-9fdf-09847e8dde29"],"settings":{"layout":"6","bg":"#5f727e","cl":"#f2f2f2","cl_a":"#f2f2f2"}},"cart-widget":{"type":"cart-widget","blocks":{"cart-widget-0":{"type":"price","settings":{}},"cart-widget-1":{"type":"tax","settings":{}},"cart-widget-2":{"type":"agree","settings":{}},"cart-widget-3":{"type":"btnc","settings":{}},"cart-widget-4":{"type":"btnck","settings":{}},"cart-widget-5":{"type":"btnmr","settings":{}},"cart-widget-6":{"type":"img","settings":{}},"cart-widget-7":{"type":"btn","settings":{"title":"Return To Shop","url":"","style":"primary"}}},"block_order":["cart-widget-0","cart-widget-1","cart-widget-2","cart-widget-3","cart-widget-4","cart-widget-5","cart-widget-6","cart-widget-7"],"settings":{"style":"1","pos":"2","calc_ship":true,"show_note":true,"show_rates":true,"show_discount":true,"show_gift_wrap":true}},"mb-nav":{"type":"mb-nav","blocks":{"mb-nav-0":{"type":"menu","settings":{"title":"Home","url":"","open_link":"_self","menu":"home","icon":"","lb":"","lb_cl":""}},"mb-nav-1":{"type":"menu","settings":{"title":"Shop","url":"","open_link":"_self","menu":"shop","icon":"","lb":"","lb_cl":""}},"mb-nav-2":{"type":"menu","settings":{"title":"Product","url":"","open_link":"_self","menu":"product-layouts","icon":"","lb":"","lb_cl":""}},"mb-nav-3":{"type":"menu","settings":{"title":"Blog","url":"","open_link":"_self","menu":"blog","icon":"","lb":"","lb_cl":""}},"mb-nav-6":{"type":"acc","settings":{}},"mb-nav-7":{"type":"help","settings":{"title":"","text":"<div class=\"cs-social border_\">\n<a href=\"#\" target=\"_blank\" class=\"facebook\">\n<i class=\"cs-font clever-icon-facebook\"><\/i>\n<\/a>\n<a href=\"#\" target=\"_blank\" class=\"instagram \">\n<i class=\"cs-font clever-icon-instagram\"><\/i>\n<\/a>\n<a href=\"#\" target=\"_blank\" class=\"pinterest \">\n<i class=\"cs-font clever-icon-pinterest\"><\/i>\n<\/a>\n<\/div>"}},"mb-nav-8":{"type":"lang","settings":{}}},"block_order":["mb-nav-0","mb-nav-1","mb-nav-2","mb-nav-3","mb-nav-6","mb-nav-7","mb-nav-8"],"settings":{}},"promo-pr-pp":{"type":"promo-pr-pp","settings":{"title":"You may also like…","sub_title":"","sub_font":"2","btn_title":"See all products","style_title":"title_1","ic_tt":"gem","show_clpr":false,"collection_id":"accessories","limit":8,"col_pr":"4","pr_des":"1","show_vendor":false,"use_cdt":false,"round_cd":false,"cdt_des":"1","loop":true,"au_time":0,"au_hover":true,"button":false,"btn_vi":"1","btn_owl":"1","btn_color":"0","dot":false,"dot_owl":"1","dot_color":"1","use_eq_height":false,"image_ratio":"ratio_cs","image_size":"cs_cover","image_position":"8","index":true,"product":false,"collection":false,"article":false,"blog":false,"cart":false,"page":false,"day_next":7}},"pr-summary":{"type":"pr-summary","blocks":{"pr-summary-0":{"type":"title","settings":{"size":32}},"pr-summary-1":{"type":"pricereview","settings":{"price":"1"}},"pr-summary-2":{"type":"des","settings":{"rating":true,"des":"2","page":"","length":18,"readm":false,"readm_txt":"Read more"}},"pr-summary-3":{"type":"frm","settings":{"ani":"none","time":6,"btn_des":"1","btn_txt":"3","swatch_design":"2","style_color":"1","swatch_style":"1","swatch_size":"medium","show_qty":true,"btn_atc_full":false,"enable_payment_btn":false,"size_chart":"2","sc_type":"1","page":"html","delivery":true,"page_dr":"delivery-returns","ask":true}},"pr-summary-4":{"type":"meta","settings":{"show_pr_vendor":false,"show_sku":true,"show_available":false,"show_category_product":true,"show_tag_product":false}},"pr-summary-5":{"type":"social","settings":{"class":"tdf"}},"55380ce1-57ca-486b-b56d-d9f7c8eca13b":{"type":"countdown","settings":{"source":"2","timezone":false,"loop":false,"icon":"2","icon_name":"stopwatch","fade":true,"al":"tc","mess":"Hurry up! Sale Ends in","size":14,"stock_time":"8:00:00,16:00:00,23:59:59","day":"days","hr":"hours","min":"mins","sec":"secs","cd_style":"dark_2"}}},"block_order":["pr-summary-0","pr-summary-1","pr-summary-2","pr-summary-3","pr-summary-4","pr-summary-5","55380ce1-57ca-486b-b56d-d9f7c8eca13b"],"settings":{}},"pr-description":{"type":"pr-description","blocks":{"pr-description-0":{"type":"des","settings":{"title":"Description"}},"pr-description-1":{"type":"add","settings":{"title":"Information"}},"pr-description-2":{"type":"rivui","settings":{"title":"Reviews"}}},"block_order":["pr-description-0","pr-description-1","pr-description-2"],"settings":{"show":true,"bgcl":"#ffffff","bgclmb":"#ffffff","des_w":"3","des_mb":"2","auto":true,"mg":"30px,,30px,","mg_mb":"0,,0,"}},"recently-viewed":{"type":"recently-viewed","settings":{"show":true,"unavailable_prs":"show","title":"Recently viewed products","sub_title":"","sub_font":"2","style_title":"title_1","ic_tt":"gem","show_clpr":false,"limit":6,"sortby":"3","space":30,"col_pr":"3","col_pr_tb":"3","col_pr_mb":"6","pr_des":"1","show_vendor":false,"use_cdt":false,"round_cd":false,"cdt_des":"1","loop":true,"au_time":0,"au_hover":true,"button":false,"btn_vi":"1","btn_owl":"1","btn_color":"0","dot":false,"dot_owl":"1","dot_color":"1","use_eq_height":false,"image_ratio":"ratio_cs","image_size":"cs_cover","image_position":"8"}},"sticky-atc":{"type":"sticky-atc","settings":{"mb":true,"ani":"none","time":6}},"cart-heading":{"type":"cart-heading","blocks":{"cart-heading-0":{"type":"1","settings":{"title":"Shopping cart"}}},"block_order":["cart-heading-0"],"settings":{"parallax":false,"color":"#ffffff","overlay":100,"padding":50,"bg_pos":"center center","bg_repeat":"no-repeat","bg_size":"cover","bg_att":"scroll"}},"cart-upsell":{"type":"cart-upsell","settings":{"show_section":true,"title":"Complete your cart","sub_title":"","style_title":"title_1","ic_tt":"gem","show_clpr":false,"collection":"","limit":6,"space_cat":"30","col_pr":"3","col_pr_tb":"3","col_pr_mb":"6","pr_des":"1","show_vendor":false,"sale_countdown":false,"collection_countdown_style":"dark","use_eq_height":false,"image_ratio":"ratio_cs","image_size":"cs_cover","image_position":"8"}},"cat-shop":{"type":"cat-shop","settings":{"shown":false,"source":"2","sort":"alphabetical"}},"cat-heading":{"type":"cat-heading","blocks":{"cat-heading-0":{"type":"1","settings":{}},"cat-heading-1":{"type":"2","settings":{}}},"block_order":["cat-heading-0","cat-heading-1"],"settings":{"shown":true,"use_specify_image":true,"parallax":false,"color":"#282828","overlay":0,"padding":50,"bg_pos":"center center","bg_repeat":"no-repeat","bg_size":"cover","bg_att":"scroll"}},"sidebar-shop":{"type":"sidebar-shop","blocks":{"b475b7e1-6d25-4683-9277-73bb3c3fa30a":{"type":"category","settings":{"title":"Product Categories","cat_source":"1","cat_link_list":"","count":true}},"39bbfe51-0c1c-4af4-a5fb-74abfc80d6c6":{"type":"color","settings":{"hidden_block":false,"title":"Color","arra_enter":"Yellow, Red, White, Brown, Blue, Black, Green, Grey, Sliver, Pink, Orange, Gray, White-Blue","direction":"columns","max_column_size":4,"columns":"2","for_collections":"","use_auto_filter_tag":false,"key":"Color"}},"939d0ec0-fe97-470d-987c-d44f7585b515":{"type":"brand","settings":{"hidden_block":false,"title":"Size","arra_enter":"XL, L, M, S, XS, 30, 32, 34, 36, 38, 40, 42, 44","use_auto_filter_tag":false,"key":"Other","style":"ck"}},"660fa0d3-d857-4404-add6-41a532c4c4e2":{"type":"other","settings":{"hidden_block":false,"title":"By Other","arra_enter":"$0-$49, $50-$99, $100-$149, $150 -$299, $200-$500","direction":"columns","max_column_size":2,"columns":"2","for_collections":"","use_auto_filter_tag":false,"key":"Other","style":"ck"}}},"block_order":["b475b7e1-6d25-4683-9277-73bb3c3fa30a","39bbfe51-0c1c-4af4-a5fb-74abfc80d6c6","939d0ec0-fe97-470d-987c-d44f7585b515","660fa0d3-d857-4404-add6-41a532c4c4e2"],"settings":{}},"collection-page":{"type":"collection-page","settings":{"limit":9,"space":30,"use_pagination":"more","use_bar_lm":false,"col_pr":"4","col_pr_tb":"4","col_pr_mb":"6","pr_des":"1","show_vendor":false,"use_cdt":false,"round_cd":false,"cdt_des":"2","use_eq_height":false,"image_ratio":"ratio1_1","image_size":"cs_cover","image_position":"8"}},"age-verify":{"type":"age-verify","settings":{"age_limit":18,"date_of_birth":false,"heading":"Are you over 18?","sub":"You must be 18 years of age or older to view page. Please verify your age to enter.","age_enter":"I am 18 or Older","age_exit":"I am Under 18","txt":"Access forbidden","txt2":"Your access is restricted because of your age.","day_next":30,"month":"- Month -","month1":"January","month2":"February","month3":"March","month4":"April","month5":"May","month6":"June","month7":"July","month8":"August","month9":"September","month10":"October","month11":"November","month12":"December","day":"- Day -","year":"- Year -","cl_bg":"#ffffff","cl_btn":"#282828","cl_btn_hover":"#282828","overlay":0}},"cookies-law":{"type":"cookies-law","settings":{"text":"We use cookies to improve your experience on our website. By browsing this website, you agree to our use of cookies.","accept":"Accept","more":"More info","links":"","pp_version":1,"day_next":30,"cl_btn":"#282828","cl_btn_hover":"#666666"}},"header-2":{"type":"header-2","blocks":{"b9dfdc48-da69-4915-9b16-fc7e6cab02ab":{"type":"mega","settings":{"title":"Home","url":"","open_link":"_self","icon":"","cus_cl":false,"cl":"#ec0101","lb":"","lb_cl":"","pos":"default","wid":"cus","cus_wid":200}},"f841e39a-7818-4228-bee8-df4c35d8c353":{"type":"link","settings":{"tt_hd":"","url":"","open_link":"_self","menu":"home","col":"12"}},"7528e974-e199-4ceb-9427-80b1cc7109f7":{"type":"mega","settings":{"title":"Shop","url":"","open_link":"_self","icon":"","cus_cl":false,"cl":"#ec0101","lb":"","lb_cl":"","pos":"default","wid":"cus","cus_wid":1200}},"7de58784-fa86-45bc-a852-c59536990b03":{"type":"link","settings":{"tt_hd":"Collection Layout","url":"","open_link":"_self","menu":"collection-layout","col":"2"}},"8dfa0c1f-12a4-4ca8-b9a4-f9f3345a6dd5":{"type":"link","settings":{"tt_hd":"Product Layout","url":"","open_link":"_self","menu":"products","col":"4"}},"dc9b95bf-b6fd-476e-82db-92c6603fa5d4":{"type":"cat","settings":{"image":"shopify:\/\/shop_images\/megamenu1_99b727cc-4ae1-47f5-a05f-aa1ab9f65099.jpg","cat_design":"1","hoverz":true,"collection":"","title":"Spring Season","col":"3"}},"cb2556ab-a52b-4cfd-8222-2015e3d1a25b":{"type":"cat","settings":{"image":"shopify:\/\/shop_images\/megamenu2_58357ac9-4d79-4735-92e9-c89d298db1d6.jpg","cat_design":"1","hoverz":true,"collection":"","title":"leather shoes","col":"3"}},"014457b2-b96a-469f-b954-8a606f3c5738":{"type":"mega","settings":{"title":"Featured","url":"","open_link":"_self","icon":"","cus_cl":false,"cl":"#ec0101","lb":"","lb_cl":"","pos":"default","wid":"cus","cus_wid":950}},"d39daddc-2ee1-4af8-9874-6169a456f58a":{"type":"link","settings":{"tt_hd":"","url":"","open_link":"_self","menu":"featured","col":"3"}},"2ef126df-cc86-45d9-978e-cadd12cb7ca0":{"type":"pr","settings":{"limit":4,"id_cat":"frontpage","column_pr":4,"pr_des":"1","show_vendor":false,"use_cdt":false,"round_cd":false,"cdt_des":"1","use_eq_height":false,"image_ratio":"ratio_cs","image_size":"cs_cover","image_position":"8","col":"9"}},"6f487b96-7928-443b-a714-c974672e45e1":{"type":"dropdown","settings":{"title":"page","url":"","open_link":"_self","menu":"page","icon":"","cus_cl":false,"cl":"#ec0101","lb":"","lb_cl":"","pos":"right"}},"c3efba21-e22c-421d-9cdd-9682eb75f94e":{"type":"dropdown","settings":{"title":"blog","url":"shopify:\/\/blogs\/news","open_link":"_self","menu":"category-blog","icon":"","cus_cl":false,"cl":"#ec0101","lb":"","lb_cl":"","pos":"right"}}},"block_order":["b9dfdc48-da69-4915-9b16-fc7e6cab02ab","f841e39a-7818-4228-bee8-df4c35d8c353","7528e974-e199-4ceb-9427-80b1cc7109f7","7de58784-fa86-45bc-a852-c59536990b03","8dfa0c1f-12a4-4ca8-b9a4-f9f3345a6dd5","dc9b95bf-b6fd-476e-82db-92c6603fa5d4","cb2556ab-a52b-4cfd-8222-2015e3d1a25b","014457b2-b96a-469f-b954-8a606f3c5738","d39daddc-2ee1-4af8-9874-6169a456f58a","2ef126df-cc86-45d9-978e-cadd12cb7ca0","6f487b96-7928-443b-a714-c974672e45e1","c3efba21-e22c-421d-9cdd-9682eb75f94e"],"settings":{"height":62,"arrow":false,"align":"tl","hover":"hover_side_up"}},"header-1":{"type":"header-1","blocks":{"6ad03958-dcfe-4f0c-b5e8-991b00024428":{"type":"mega","settings":{"title":"Home","url":"","open_link":"_self","icon":"","cus_cl":false,"cl":"#ec0101","lb":"","lb_cl":"","pos":"default","wid":"cus","cus_wid":200}},"d6f58e89-2312-43b0-8ed9-db2e96dadefb":{"type":"link","settings":{"tt_hd":"","url":"","open_link":"_self","menu":"home","col":"12"}},"dbaeffed-cb0f-4b08-9017-331737206d76":{"type":"mega","settings":{"title":"Shop","url":"","open_link":"_self","icon":"","cus_cl":false,"cl":"#ec0101","lb":"","lb_cl":"","pos":"center","wid":"cus","cus_wid":1200}},"39760bed-b598-4384-b779-94361c63c9f2":{"type":"link","settings":{"tt_hd":"Collection Layout","url":"shopify:\/\/collections","open_link":"_self","menu":"collection-layout","col":"2"}},"8eb9228e-e27e-4b7a-9423-2ba862e699d6":{"type":"link","settings":{"tt_hd":"Product Layout","url":"","open_link":"_self","menu":"products","col":"4"}},"7fafa8f5-4e30-45e3-b1db-e9f4411286c2":{"type":"link","settings":{"tt_hd":"Heading","url":"","open_link":"_self","menu":"","col":"4"}},"05d2fbae-87ac-4a6e-95bd-5ca9d6bfa3a3":{"type":"cat","settings":{"image":"shopify:\/\/shop_images\/megamenu1_99b727cc-4ae1-47f5-a05f-aa1ab9f65099.jpg","cat_design":"1","hoverz":true,"collection":"","title":"Spring Season","col":"3"}},"501eed5e-02df-463d-ad95-e15c2d35b065":{"type":"cat","settings":{"image":"shopify:\/\/shop_images\/megamenu2_58357ac9-4d79-4735-92e9-c89d298db1d6.jpg","cat_design":"1","hoverz":true,"collection":"","title":"leather shoes","col":"3"}},"bc88bca2-eff4-46df-a32f-521f3df43087":{"type":"mega","settings":{"title":"Featured","url":"","open_link":"_self","icon":"","cus_cl":false,"cl":"#ec0101","lb":"","lb_cl":"rgba(0,0,0,0)","pos":"default","wid":"cus","cus_wid":1200}},"8f666795-9ffd-4f15-8e5a-e92ff1b42a51":{"type":"link","settings":{"tt_hd":"","url":"","open_link":"_self","menu":"featured","col":"3"}},"59e78e5a-4eec-4d06-8aff-a704eff31824":{"type":"pr","settings":{"limit":4,"id_cat":"frontpage","column_pr":4,"pr_des":"1","show_vendor":false,"use_cdt":false,"round_cd":false,"cdt_des":"1","use_eq_height":false,"image_ratio":"ratio_cs","image_size":"cs_cover","image_position":"8","col":"9"}},"636bd463-4439-43c0-b857-6f9bfa4ea6da":{"type":"dropdown","settings":{"title":"pages","url":"","open_link":"_self","menu":"page","icon":"","cus_cl":false,"cl":"#ec0101","lb":"","lb_cl":"","pos":"right"}},"24f62ad4-1067-41a4-9874-80864dfcdf17":{"type":"dropdown","settings":{"title":"Blog","url":"","open_link":"_self","menu":"category-blog","icon":"","cus_cl":false,"cl":"#ec0101","lb":"","lb_cl":"","pos":"right"}}},"block_order":["6ad03958-dcfe-4f0c-b5e8-991b00024428","d6f58e89-2312-43b0-8ed9-db2e96dadefb","dbaeffed-cb0f-4b08-9017-331737206d76","39760bed-b598-4384-b779-94361c63c9f2","8eb9228e-e27e-4b7a-9423-2ba862e699d6","7fafa8f5-4e30-45e3-b1db-e9f4411286c2","05d2fbae-87ac-4a6e-95bd-5ca9d6bfa3a3","501eed5e-02df-463d-ad95-e15c2d35b065","bc88bca2-eff4-46df-a32f-521f3df43087","8f666795-9ffd-4f15-8e5a-e92ff1b42a51","59e78e5a-4eec-4d06-8aff-a704eff31824","636bd463-4439-43c0-b857-6f9bfa4ea6da","24f62ad4-1067-41a4-9874-80864dfcdf17"],"settings":{"height":62,"height_2":63,"arrow":false,"border":true,"color":"rgba(0,0,0,0)","align":"tc","hover":"hover_side_up"}},"sales-popup":{"type":"sales-popup","settings":{"collection_id":"kids","limit":8,"index":true,"product":true,"collection":false,"article":false,"blog":false,"cart":false,"page":false,"pp_type":"2","start_time":4,"start_time_unit":"1000","stay_time":5,"stay_time_unit":"1000","show_cl":false,"show_qv":false,"list_user":"Nathan (California) | Alex (Texas) | Henry (New York) | Kiti (Ohio) | Daniel (Washington) | Hau (California) | Van (Ohio) | Sara (Montana)  | Kate (Georgia)","show_time":true,"list_time":"4 hours ago | 2 hours ago | 45 minutes ago | 1 day ago | 8 hours ago | 10 hours ago | 25 minutes ago | 2 day ago | 5 hours ago | 40 minutes ago","show_verify":true,"des":"1","pp_ani":"anislideInUp","txt1":"purchased","txt2":"Verified"}},"16347359597c7b8aef":{"type":"featured-collection","settings":{"title":"NEW ARRIVALS","sub_title":"New Power Tools","sub_font":"2","btn_title":"See all products","style_title":"title_1","ic_tt":"gem","show_clpr":false,"collection":"accessories","limit":4,"space":30,"use_pagination":"none","use_bar_lm":true,"btn_rd":true,"btn_icon":false,"btn_style":"default","col_pr":"3","col_pr_tb":"3","col_pr_mb":"6","pr_des":"1","show_vendor":false,"use_cdt":false,"round_cd":false,"cdt_des":"1","use_eq_height":false,"image_ratio":"ratio_cs","image_size":"cs_cover","image_position":"8","hidden":false,"cp_code":false,"layout":"container","cl_bg":"","mg":"50px,,50px,","pd":"","mg_mb":"","pd_mb":""}},"163473612367356f53":{"type":"brand-list","blocks":{"163473612367356f53-0":{"type":"brand","settings":{"image":"shopify:\/\/shop_images\/1.png","url":"","open_link":"_blank"}},"163473612367356f53-1":{"type":"brand","settings":{"image":"shopify:\/\/shop_images\/5.png","url":"","open_link":"_blank"}},"163473612367356f53-2":{"type":"brand","settings":{"image":"shopify:\/\/shop_images\/2.png","url":"","open_link":"_blank"}},"163473612367356f53-3":{"type":"brand","settings":{"image":"shopify:\/\/shop_images\/4.png","url":"","open_link":"_blank"}},"163473612367356f53-4":{"type":"brand","settings":{"image":"shopify:\/\/shop_images\/3.png","url":"","open_link":"_blank"}},"163473612367356f53-5":{"type":"brand","settings":{"image":"shopify:\/\/shop_images\/5.png","url":"","open_link":"_blank"}}},"block_order":["163473612367356f53-0","163473612367356f53-1","163473612367356f53-2","163473612367356f53-3","163473612367356f53-4","163473612367356f53-5"],"settings":{"title":"SHOP TOP BRANDS","sub_title":"","sub_font":"2","style_title":"title_1","ic_tt":"gem","show_clpr":false,"brand_layout":"2","cat_space":"30","col":"15","col_md":"6","col_mb":"6","brand_hover":"0","loop":true,"autoplay":false,"au_time":0,"au_hover":true,"button":true,"btn_vi":"1","btn_owl":"2","btn_color":"0","dot":false,"dot_owl":"1","dot_color":"1","layout":"container","cl_bg":"","mg":"100px,,50px,","pd":"","mg_mb":"50px,,30px,","pd_mb":""}},"1635567675413eb787":{"type":"banner2","blocks":{"1635567675413eb787-0":{"type":"image","settings":{"image":"shopify:\/\/shop_images\/11-grid-1.png","url":"","open_link":"_self","col_pr":"6","col_pr_tb":"6","col_pr_mb":"12","html":"<h4 class=\"fs__24 mg__0 lh__1 cw mb__10\">Special order<\/h4><h3 class=\"fs__36 mg__0 cw\">hammer drill<\/h3>\n<a href=\"#\" class=\" button  \">Shop Now<\/a>","cap_v_pos":95,"cap_h_pos":6,"txt_align":"tl","cl_txt":"#ffffff","cl_overlay":"#000000","cl_opacity":0}},"1635567675413eb787-1":{"type":"image","settings":{"image":"shopify:\/\/shop_images\/11-grid-2.png","url":"","open_link":"_self","col_pr":"6","col_pr_tb":"6","col_pr_mb":"12","html":"<h4 class=\"fs__24 mg__0 lh__1 cw mb__10\">50% sale off<\/h4><h3 class=\"fs__36 mg__0 cw\">saw machine<\/h3>\n<a href=\"#\" class=\" button  \">Shop Now<\/a>","cap_v_pos":50,"cap_h_pos":6,"txt_align":"tl","cl_txt":"#ffffff","cl_overlay":"#000000","cl_opacity":0}},"59649359-d829-4eb1-b6f0-57c4997f8afc":{"type":"image","settings":{"image":"shopify:\/\/shop_images\/11-grid-3.png","url":"","open_link":"_self","col_pr":"6","col_pr_tb":"6","col_pr_mb":"12","html":"<h4 class=\"fs__24 mg__0 lh__1 cw mb__10\">buy one get one<\/h4><h3 class=\"fs__36 mg__0 cw\">power pliers<\/h3>\n<a href=\"#\" class=\" button  \">Shop Now<\/a>","cap_v_pos":50,"cap_h_pos":6,"txt_align":"tl","cl_txt":"#ffffff","cl_overlay":"#000000","cl_opacity":0}}},"block_order":["1635567675413eb787-0","1635567675413eb787-1","59649359-d829-4eb1-b6f0-57c4997f8afc"],"settings":{"title":"","sub_title":"","sub_font":"2","style_title":"title_1","ic_tt":"gem","show_clpr":false,"cat_space":"30","hoverz":true,"layout":"container","cl_bg":"","mg":"0px,,50px,","pd":"30px,15px,0,15px","mg_mb":"","pd_mb":""}},"1635567737d3eed0b5":{"type":"image-text-overlay","blocks":{"1635567737d3eed0b5-0":{"type":"1","settings":{"title":"STAY HOME WITH DIY TOOLS","color":"#ffffff","fw_text":600,"fs_text":60,"lh_text":0,"ls_text":0,"fs_mb_text":15,"lh_mb_text":0,"ls_mb_text":0}},"1635567737d3eed0b5-1":{"type":"6","settings":{"sp":15,"sp_mb":10}},"1635567737d3eed0b5-2":{"type":"2","settings":{"font":"f_body","title":"Free Add-on items with over 100+ popular tools","color":"#ffffff","fw_text":400,"fs_text":18,"lh_text":0,"ls_text":0,"fs_mb_text":14,"lh_mb_text":0,"ls_mb_text":0,"hide":false}},"1635567737d3eed0b5-3":{"type":"6","settings":{"sp":25,"sp_mb":10}},"1635567737d3eed0b5-4":{"type":"3","settings":{"title":"Shop Now","btn_link":"#","open_link":"_blank","title2":"Shop Now 2","btn_link2":"","open_link2":"_blank","btn_round":false,"btn_icon":false,"cl_txt":"#ffffff","cl_bg":"#008d9b","cl_bd":"#008d9b","fs_text":16,"fw_text":400,"h":40,"ls_text":0.4,"fs_mb_text":14,"h_mb":40,"ls_mb_text":0}}},"block_order":["1635567737d3eed0b5-0","1635567737d3eed0b5-1","1635567737d3eed0b5-2","1635567737d3eed0b5-3","1635567737d3eed0b5-4"],"settings":{"se_height":"adapt","use_custom_h":"1","h_des":"600px","h_tb":"500px","h_mb":"350px","image":"shopify:\/\/shop_images\/11bg.png","use_pr":false,"img_align":"center","use_bg":false,"caption_w":"2","cap_v_pos":50,"cap_h_pos":50,"txt_align":"tc","use_shadow":false,"cl_overlay":"#000000","cl_opacity":0,"layout":"cs_full","mg":"50px,,50px,","pd":"","mg_mb":"","pd_mb":""}},"1635567769484b282b":{"type":"feature-columns","blocks":{"1635567769484b282b-0":{"type":"text_block","settings":{"enable_image":true,"image":"shopify:\/\/shop_images\/11block-1.png","title":"POWER TOOLS","text":"<p>Impact Blower<br>\nElectrical saw<br>\nCordless Nailer<\/p>","button_label":"Shop all products","button_link":"#","open_link":"_blank"}},"1635567769484b282b-1":{"type":"text_block","settings":{"enable_image":true,"image":"shopify:\/\/shop_images\/11block-2.png","title":"TOOLS KIT","text":"<p>Home kit<br>\nwood dIY kit<br>\npaint kit<\/p>","button_label":"Shop all products","button_link":"#","open_link":"_blank"}},"1635567769484b282b-2":{"type":"text_block","settings":{"enable_image":true,"image":"shopify:\/\/shop_images\/11block-3_19520c9e-fb80-48b4-8960-8b44005fa03e.png","title":"LAWN & GARDEN","text":"<p>chain Saws<br>\nBrushcutters<br>\nhedge trimmers<\/p>","button_label":"Shop all products","button_link":"#","open_link":"_blank"}},"d733f43f-ae57-4136-b166-ea08610bd171":{"type":"text_block","settings":{"enable_image":true,"image":"shopify:\/\/shop_images\/11block-4.png","title":"ACCESSORIES & PARTS","text":"<p>drilling Parts<br>\ntools storage<br>\nCordless Nailer<\/p>","button_label":"Shop all products","button_link":"#","open_link":"_blank"}}},"block_order":["1635567769484b282b-0","1635567769484b282b-1","1635567769484b282b-2","d733f43f-ae57-4136-b166-ea08610bd171"],"settings":{"title":"","sub_title":"","sub_font":"2","style_title":"title_1","ic_tt":"gem","show_clpr":false,"section_layout":"1","cat_space":"30","col":"3","col_md":"3","col_mb":"6","pos_text":"default","space":22,"align_text":"tl","fs_hd":20,"fs_txt":16,"w_img":0,"loop":true,"au_time":0,"au_hover":true,"button":false,"btn_vi":"1","btn_owl":"1","btn_color":"0","dot":true,"dot_owl":"1","dot_color":"1","layout":"container","cl_bg":"","mg":"100px,,100px,","pd":"","mg_mb":"50px,,50px,","pd_mb":""}},"1635567789e8628139":{"type":"image-text","settings":{"image":"shopify:\/\/shop_images\/11-grid-4_d5de9491-461b-4f74-a5d4-76c27416c8d4.png","img_align":"center","img_position":"1","image_ratio":"auto","text_size":"40,15","sub_title":"","title":"OUR COMPANY","text":"<p>Tool Experts Since 1999<\/p>\n<p>For over 20 years, our guiding mission has been to provide today's workers with the widest range of professional power tools and equipment, at the most affordable price. We strive everyday to meet the needs of our customers nationwide as quickly and conveniently as possible.<\/p>","button_label":"about us","button_link":"#","open_link":"_blank","txt_align":"tl","use_shadow":false,"cl_txt":"dark","layout":"container","mg":"","pd":"100px,0,100px,0","mg_mb":"","pd_mb":"50px,0,50px,0"}},"header-4":{"type":"header-4","blocks":{"6d27ec56-0537-4456-90fe-7629fa324e70":{"type":"dropdown","settings":{"title":"Home","url":"","open_link":"_self","menu":"home","icon":"","cus_cl":false,"cl":"#ec0101","lb":"","lb_cl":"","pos":"right"}},"8fd0d841-c644-4199-98a6-e62fbb8ed034":{"type":"mega","settings":{"title":"Shop","url":"shopify:\/\/collections","open_link":"_self","icon":"","cus_cl":false,"cl":"#ec0101","lb":"","lb_cl":"","pos":"default","wid":"cus","cus_wid":1200}},"a8a5cc42-2d71-4acd-afef-97b9a9e51647":{"type":"link","settings":{"tt_hd":"Collection Pages","url":"shopify:\/\/collections","open_link":"_self","menu":"collection-pages","col":"3"}},"6a32d8e3-0d72-475e-908a-3cb616761c13":{"type":"link","settings":{"tt_hd":"Product Layouts","url":"shopify:\/\/products\/aenim-baseball-shirt","open_link":"_self","menu":"product-layouts","col":"3"}},"6eee852c-6422-402d-88f2-a37d942500b0":{"type":"banner","settings":{"image":"shopify:\/\/shop_images\/3_06822a32-36f5-4c83-82c0-bf10b4ac7eb1.jpg","url":"","open_link":"_self","html":"<h3 class=\"fs__20 mg__0 lh__1 cw mb__10\">Spring Season<\/h3>","cap_v_pos":100,"cap_h_pos":50,"txt_align":"tc","cl_txt":"#030303","cl_overlay":"#000000","cl_opacity":0,"col":"3"}},"c087bb03-9dd6-4752-9251-e4a590bf749a":{"type":"banner","settings":{"image":"shopify:\/\/shop_images\/4.jpg","url":"","open_link":"_self","html":"<h3 class=\"fs__30 mg__0 lh__1 cw mb__10\">50% Discount<\/h3>","cap_v_pos":100,"cap_h_pos":50,"txt_align":"tc","cl_txt":"#000000","cl_overlay":"#000000","cl_opacity":0,"col":"3"}},"f94cfba7-28f0-4e80-a69f-b0147bbe92e0":{"type":"mega","settings":{"title":"Products","url":"","open_link":"_self","icon":"","cus_cl":false,"cl":"#ec0101","lb":"","lb_cl":"","pos":"default","wid":"cus","cus_wid":1200}},"71932b6d-003a-4eae-9556-6b46e2097ee7":{"type":"link","settings":{"tt_hd":"Shop","url":"","open_link":"_self","menu":"shop","col":"3"}},"ff37c105-0435-4f9e-ac6d-e074f18d2fc6":{"type":"pr","settings":{"limit":4,"id_cat":"bags","column_pr":4,"pr_des":"1","show_vendor":false,"use_cdt":false,"round_cd":false,"cdt_des":"1","use_eq_height":false,"image_ratio":"ratio_nt","image_size":"cs_cover","image_position":"8","col":"9"}},"9aafc160-8e76-47a3-8886-2e77992bd025":{"type":"dropdown","settings":{"title":"Pages","url":"","open_link":"_self","menu":"pages","icon":"","cus_cl":false,"cl":"#ec0101","lb":"","lb_cl":"","pos":"right"}},"f6e8f824-d4a1-4112-8b6c-fba0afec6f84":{"type":"dropdown","settings":{"title":"Blog","url":"","open_link":"_self","menu":"blog","icon":"","cus_cl":false,"cl":"#ec0101","lb":"","lb_cl":"","pos":"right"}}},"block_order":["6d27ec56-0537-4456-90fe-7629fa324e70","8fd0d841-c644-4199-98a6-e62fbb8ed034","a8a5cc42-2d71-4acd-afef-97b9a9e51647","6a32d8e3-0d72-475e-908a-3cb616761c13","6eee852c-6422-402d-88f2-a37d942500b0","c087bb03-9dd6-4752-9251-e4a590bf749a","f94cfba7-28f0-4e80-a69f-b0147bbe92e0","71932b6d-003a-4eae-9556-6b46e2097ee7","ff37c105-0435-4f9e-ac6d-e074f18d2fc6","9aafc160-8e76-47a3-8886-2e77992bd025","f6e8f824-d4a1-4112-8b6c-fba0afec6f84"],"settings":{"height":90,"height_2":50,"arrow":false,"border":false,"color":"#dddddd","align":"tl","hover":"hover_side_up","bg":"#ffffff","cl_txt":"#000000","text":"<div class=\"fs__20\" style=\"color:#008D9B\">Hotline: +84 1900 4580<\/div>"}}},"content_for_index":["1581505806578","163473612367356f53","1635567675413eb787","16347359597c7b8aef","1635567737d3eed0b5","1635567769484b282b","1635567789e8628139"]}}