{"sections":{"heading":{"type":"faq-heading","blocks":{"5525a086-7fc4-41b8-abbb-5cc36c278a3c":{"type":"1","settings":{}}},"block_order":["5525a086-7fc4-41b8-abbb-5cc36c278a3c"],"settings":{"parallax":false,"color":"#000","overlay":54,"padding":50,"bg_pos":"center center","bg_repeat":"no-repeat","bg_size":"cover","bg_att":"scroll"}},"faqs":{"type":"faqs","blocks":{"6e43477e-7bfc-4e82-9d5a-c226c534bdac":{"type":"faq","settings":{"title":"Lorem ipsum dolor sit amet","content":"<p>Lorem ipsum dolor sit amet, consectetur adipiscing elit. Phasellus sed eros congue, eleifend ipsum vitae, cursus massa. Vivamus imperdiet luctus lorem. <\/p>"}},"5a7859bf-f205-4254-b03c-d34c3043da4c":{"type":"faq","settings":{"title":"Lorem ipsum dolor sit amet","content":"<p>Lorem ipsum dolor sit amet, consectetur adipiscing elit. Phasellus sed eros congue, eleifend ipsum vitae, cursus massa. Vivamus imperdiet luctus lorem. <\/p>"}},"861602a7-0718-448b-99dc-62d9fa7e02d8":{"type":"faq","settings":{"title":"Lorem ipsum dolor sit amet","content":"<p>Lorem ipsum dolor sit amet, consectetur adipiscing elit. Phasellus sed eros congue, eleifend ipsum vitae, cursus massa. Vivamus imperdiet luctus lorem. <\/p>"}}},"block_order":["6e43477e-7bfc-4e82-9d5a-c226c534bdac","5a7859bf-f205-4254-b03c-d34c3043da4c","861602a7-0718-448b-99dc-62d9fa7e02d8"],"settings":{"auto":true}}},"order":["heading","faqs"]}